问题,回答,文本,相关三元组
空气涡轮ППО是由什么部件传动的？,空气涡轮ППО是由高压压气机（具体为高压压气机第XI级）引入的压缩空气驱动的。,"{'title': '恒速传动系统', 'text': '对发电机的传动，经过游星减速器有两个传动来源，一个是由发动机高压压气机转子轴传动，另一个是由空气涡轮ППО传动\n    空气涡轮ППО的转速和发动机的转速成反比变化，发动机转速越高，ППО的转速反而越低，最终将发电机保持在额定转速上运转。\n    但在发动机开车和在慢车之前，是关闭的，节流风门位于关闭的位置，发电\n机的转速和发动机高压压气机成正比例的变化(发电机的转速在额定转速以下),当发动机达到慢车转速时，ППО被接通，有电压供给电磁活门MKT-372,这时节流风门打开。空气由高压压气机进入空气涡轮ППО, ППО转速增加，带动发电机到额定转速，由调节器保持发电机的额定转速，不随发动机的工作状态、负荷和飞行条件而改变。\n    当发电机转速偏离额定转速时，调节器的转速也改变，通过摇臂系统，操纵节流风门开大或关小，改变进入ППО的空气量，使ППО的转速变大或变小，从而使发电机的转速也随之改变，恢复到额定转速。\n    为了防止ППО在发动机低于慢车转速时或其它情况“提前”被接通，从而使ППО超过最大的允许转速，为此在ППО的构造中，设有压差信号器XCI-1.2,使发动机转速小于“慢车转速”的情况下，ППО接不通。也就是当发动机转速减少到小于慢车转速时，压差信号器膜盒接触点脱开，电路断开，使ППО关闭。\n    在游星减速器的输出轴上装有极限连轴器，当发电机卡滞或飞机电力系统工作不正常、发电机负荷过大时，为了预防其它传动机构损伤，极限连轴器折断，在ППО的齿轮减速箱内还有棘轮机构，防止在关闭空气涡轮时产生反转。\n技术参数如下：\nГТ60ПЧ6А额定转速                        6000r/min±60r/min\nГТ60ПЧ6А最大允许转速                    7050r/min±200r/min\n高压压气机转速范围(发电机保持恒速)        (5870～10860)r/min\n发动机在额定转速内交流频率                400Hz±4Hz\n空气涡轮ППО工作转速                     (4300～34600)r/min\n离心开关限制转速                          (46120±1030)r/min\n除慢车转速外，在发动机所有状态，\n由ППО驱动发电机的功率\n(COSФ=0.8～1)\n    长期使用     60kW\n    5min使用     ≤90kW\n    5s瞬间       ≤120kW\n      小转速和近地飞行    ≤50kW\n      小转速高空飞行      ≤80kW'}
{'title': '引气系统和发动机防冰系统', 'text': '涡轮部件冷却空气的输送\n    为了冷却涡轮部件，冷却空气取自于发动机内函道(高压)和外函道(低压)。\n    高压空气用来冷却I、Ⅱ级涡轮的导向叶片、工作叶片与涡轮盘。\n    低压空气用来冷却Ⅲ、IV、V、VI级涡轮盘，所有导向器外环和高低压涡轮的滚子轴承支点部件。\n向空气涡轮ППО输气\n    来自高压压气机第XI级的压缩空气，沿着导管经调节风门和应急关闭ППО风门，进入空气涡轮ППО。\n向油泵调节器的最大压力限制器、起动与加速性自动装置供气\n    来自高压压气机第XI级的压缩空气，经过空气滤，沿两条导管输向起动自动装置、加速性自动装置与最大压力限制器。\n向排油系统供气\n    向前、后排油箱供给的空气均来自发动机的外函道。\n    排油箱中的燃油，被带压力的空气挤出，经导管流入通风管，导入收口中排出。\n向发动机防冰系统供气\n    在发动机低压压气机进气叶片(26片)、整流罩和温度传感器ТД-30К结冰的情况下，分别由高压压气机第VI级或第XI级向该处供给加温的空气，加温压缩空气的供给，根据发动机的工作状态是自动转换的。\n    发动机防冰系统包括：自第X级的输气管、自第VI级的输气管、配气风门、电动风门、导管和结冰信号器ДО-206 (2批)。\n    配气风门可以自动地将由高压压气机XI级的输气管供气转为由VI级的输气管供气，在高压压气机的转速超过8700r/min±150r/min,由高压压气机VI级供气，低于此转速由第XI级供气。\n    打开电动风门与热空气输向绝热的集气室，是由风门的电动机构ЭПВ-150MT进行的，当出现“结冰”信号时，手动接通电动风门，结冰信号由信号器ДО-206 (2批)发出，经自动装置БA-137(3批)传送。\n    热空气被送入集气室之后，由集气室经进气导向叶片内腔，将叶片加热，然后进入整流罩，加热整流罩外壳后，排入到发动机进气气流中。\n向飞机各用气部位供气\n    飞机机舱的空气调节和飞机机翼防冰系统所需的空气，由发动机高压压气机第XI级，经过设在发动机上部的套筒供给。\n    冷却系统所需的空气，由发动机外函道，经过设在发动机上部的短管供给。\n    向进气道防冰系统供气的空气来自高压压气机的VI和XI级，同时也向发动机防冰系统供气。'}
"
MKT-372电磁活门在什么情况下会接收到电压？,当发动机达到慢车转速时，ППО（空气涡轮）被接通，此时会有电压供给电磁活门 MKT-372，进而使节流风门打开 。,"{'title': '恒速传动系统', 'text': '对发电机的传动，经过游星减速器有两个传动来源，一个是由发动机高压压气机转子轴传动，另一个是由空气涡轮ППО传动\n    空气涡轮ППО的转速和发动机的转速成反比变化，发动机转速越高，ППО的转速反而越低，最终将发电机保持在额定转速上运转。\n    但在发动机开车和在慢车之前，是关闭的，节流风门位于关闭的位置，发电\n机的转速和发动机高压压气机成正比例的变化(发电机的转速在额定转速以下),当发动机达到慢车转速时，ППО被接通，有电压供给电磁活门MKT-372,这时节流风门打开。空气由高压压气机进入空气涡轮ППО, ППО转速增加，带动发电机到额定转速，由调节器保持发电机的额定转速，不随发动机的工作状态、负荷和飞行条件而改变。\n    当发电机转速偏离额定转速时，调节器的转速也改变，通过摇臂系统，操纵节流风门开大或关小，改变进入ППО的空气量，使ППО的转速变大或变小，从而使发电机的转速也随之改变，恢复到额定转速。\n    为了防止ППО在发动机低于慢车转速时或其它情况“提前”被接通，从而使ППО超过最大的允许转速，为此在ППО的构造中，设有压差信号器XCI-1.2,使发动机转速小于“慢车转速”的情况下，ППО接不通。也就是当发动机转速减少到小于慢车转速时，压差信号器膜盒接触点脱开，电路断开，使ППО关闭。\n    在游星减速器的输出轴上装有极限连轴器，当发电机卡滞或飞机电力系统工作不正常、发电机负荷过大时，为了预防其它传动机构损伤，极限连轴器折断，在ППО的齿轮减速箱内还有棘轮机构，防止在关闭空气涡轮时产生反转。\n技术参数如下：\nГТ60ПЧ6А额定转速                        6000r/min±60r/min\nГТ60ПЧ6А最大允许转速                    7050r/min±200r/min\n高压压气机转速范围(发电机保持恒速)        (5870～10860)r/min\n发动机在额定转速内交流频率                400Hz±4Hz\n空气涡轮ППО工作转速                     (4300～34600)r/min\n离心开关限制转速                          (46120±1030)r/min\n除慢车转速外，在发动机所有状态，\n由ППО驱动发电机的功率\n(COSФ=0.8～1)\n    长期使用     60kW\n    5min使用     ≤90kW\n    5s瞬间       ≤120kW\n      小转速和近地飞行    ≤50kW\n      小转速高空飞行      ≤80kW'}
"
压差信号器XCI-1.2在ППО构造中起什么作用？,在 ППО 的构造中设置压差信号器 XCI-1.2 的目的是为了防止 ППО 在发动机低于慢车转速时或其它情况下“提前”被接通，从而导致 ППО 超过最大的允许转速 。 具体来说，当发动机转速小于“慢车转速”时，压差信号器膜盒接触点会脱开，断开电路，从而使 ППО 关闭（接不通）。,"{'title': '恒速传动系统', 'text': '对发电机的传动，经过游星减速器有两个传动来源，一个是由发动机高压压气机转子轴传动，另一个是由空气涡轮ППО传动\n    空气涡轮ППО的转速和发动机的转速成反比变化，发动机转速越高，ППО的转速反而越低，最终将发电机保持在额定转速上运转。\n    但在发动机开车和在慢车之前，是关闭的，节流风门位于关闭的位置，发电\n机的转速和发动机高压压气机成正比例的变化(发电机的转速在额定转速以下),当发动机达到慢车转速时，ППО被接通，有电压供给电磁活门MKT-372,这时节流风门打开。空气由高压压气机进入空气涡轮ППО, ППО转速增加，带动发电机到额定转速，由调节器保持发电机的额定转速，不随发动机的工作状态、负荷和飞行条件而改变。\n    当发电机转速偏离额定转速时，调节器的转速也改变，通过摇臂系统，操纵节流风门开大或关小，改变进入ППО的空气量，使ППО的转速变大或变小，从而使发电机的转速也随之改变，恢复到额定转速。\n    为了防止ППО在发动机低于慢车转速时或其它情况“提前”被接通，从而使ППО超过最大的允许转速，为此在ППО的构造中，设有压差信号器XCI-1.2,使发动机转速小于“慢车转速”的情况下，ППО接不通。也就是当发动机转速减少到小于慢车转速时，压差信号器膜盒接触点脱开，电路断开，使ППО关闭。\n    在游星减速器的输出轴上装有极限连轴器，当发电机卡滞或飞机电力系统工作不正常、发电机负荷过大时，为了预防其它传动机构损伤，极限连轴器折断，在ППО的齿轮减速箱内还有棘轮机构，防止在关闭空气涡轮时产生反转。\n技术参数如下：\nГТ60ПЧ6А额定转速                        6000r/min±60r/min\nГТ60ПЧ6А最大允许转速                    7050r/min±200r/min\n高压压气机转速范围(发电机保持恒速)        (5870～10860)r/min\n发动机在额定转速内交流频率                400Hz±4Hz\n空气涡轮ППО工作转速                     (4300～34600)r/min\n离心开关限制转速                          (46120±1030)r/min\n除慢车转速外，在发动机所有状态，\n由ППО驱动发电机的功率\n(COSФ=0.8～1)\n    长期使用     60kW\n    5min使用     ≤90kW\n    5s瞬间       ≤120kW\n      小转速和近地飞行    ≤50kW\n      小转速高空飞行      ≤80kW'}
"
调节器是如何改变进入ППО的空气量的？,当发电机转速偏离额定转速时，调节器的转速也会随之改变。此时，调节器通过摇臂系统，操纵节流风门开大或关小，从而改变进入空气涡轮 ППО 的空气量 。,"{'title': '恒速传动系统', 'text': '对发电机的传动，经过游星减速器有两个传动来源，一个是由发动机高压压气机转子轴传动，另一个是由空气涡轮ППО传动\n    空气涡轮ППО的转速和发动机的转速成反比变化，发动机转速越高，ППО的转速反而越低，最终将发电机保持在额定转速上运转。\n    但在发动机开车和在慢车之前，是关闭的，节流风门位于关闭的位置，发电\n机的转速和发动机高压压气机成正比例的变化(发电机的转速在额定转速以下),当发动机达到慢车转速时，ППО被接通，有电压供给电磁活门MKT-372,这时节流风门打开。空气由高压压气机进入空气涡轮ППО, ППО转速增加，带动发电机到额定转速，由调节器保持发电机的额定转速，不随发动机的工作状态、负荷和飞行条件而改变。\n    当发电机转速偏离额定转速时，调节器的转速也改变，通过摇臂系统，操纵节流风门开大或关小，改变进入ППО的空气量，使ППО的转速变大或变小，从而使发电机的转速也随之改变，恢复到额定转速。\n    为了防止ППО在发动机低于慢车转速时或其它情况“提前”被接通，从而使ППО超过最大的允许转速，为此在ППО的构造中，设有压差信号器XCI-1.2,使发动机转速小于“慢车转速”的情况下，ППО接不通。也就是当发动机转速减少到小于慢车转速时，压差信号器膜盒接触点脱开，电路断开，使ППО关闭。\n    在游星减速器的输出轴上装有极限连轴器，当发电机卡滞或飞机电力系统工作不正常、发电机负荷过大时，为了预防其它传动机构损伤，极限连轴器折断，在ППО的齿轮减速箱内还有棘轮机构，防止在关闭空气涡轮时产生反转。\n技术参数如下：\nГТ60ПЧ6А额定转速                        6000r/min±60r/min\nГТ60ПЧ6А最大允许转速                    7050r/min±200r/min\n高压压气机转速范围(发电机保持恒速)        (5870～10860)r/min\n发动机在额定转速内交流频率                400Hz±4Hz\n空气涡轮ППО工作转速                     (4300～34600)r/min\n离心开关限制转速                          (46120±1030)r/min\n除慢车转速外，在发动机所有状态，\n由ППО驱动发电机的功率\n(COSФ=0.8～1)\n    长期使用     60kW\n    5min使用     ≤90kW\n    5s瞬间       ≤120kW\n      小转速和近地飞行    ≤50kW\n      小转速高空飞行      ≤80kW'}
"
发电机的转速与发动机高压压气机的转速在慢车之前是什么关系？,在发动机开车和在慢车之前，发电机的转速和发动机高压压气机的转速成正比例的变化 。,"{'title': '恒速传动系统', 'text': '对发电机的传动，经过游星减速器有两个传动来源，一个是由发动机高压压气机转子轴传动，另一个是由空气涡轮ППО传动\n    空气涡轮ППО的转速和发动机的转速成反比变化，发动机转速越高，ППО的转速反而越低，最终将发电机保持在额定转速上运转。\n    但在发动机开车和在慢车之前，是关闭的，节流风门位于关闭的位置，发电\n机的转速和发动机高压压气机成正比例的变化(发电机的转速在额定转速以下),当发动机达到慢车转速时，ППО被接通，有电压供给电磁活门MKT-372,这时节流风门打开。空气由高压压气机进入空气涡轮ППО, ППО转速增加，带动发电机到额定转速，由调节器保持发电机的额定转速，不随发动机的工作状态、负荷和飞行条件而改变。\n    当发电机转速偏离额定转速时，调节器的转速也改变，通过摇臂系统，操纵节流风门开大或关小，改变进入ППО的空气量，使ППО的转速变大或变小，从而使发电机的转速也随之改变，恢复到额定转速。\n    为了防止ППО在发动机低于慢车转速时或其它情况“提前”被接通，从而使ППО超过最大的允许转速，为此在ППО的构造中，设有压差信号器XCI-1.2,使发动机转速小于“慢车转速”的情况下，ППО接不通。也就是当发动机转速减少到小于慢车转速时，压差信号器膜盒接触点脱开，电路断开，使ППО关闭。\n    在游星减速器的输出轴上装有极限连轴器，当发电机卡滞或飞机电力系统工作不正常、发电机负荷过大时，为了预防其它传动机构损伤，极限连轴器折断，在ППО的齿轮减速箱内还有棘轮机构，防止在关闭空气涡轮时产生反转。\n技术参数如下：\nГТ60ПЧ6А额定转速                        6000r/min±60r/min\nГТ60ПЧ6А最大允许转速                    7050r/min±200r/min\n高压压气机转速范围(发电机保持恒速)        (5870～10860)r/min\n发动机在额定转速内交流频率                400Hz±4Hz\n空气涡轮ППО工作转速                     (4300～34600)r/min\n离心开关限制转速                          (46120±1030)r/min\n除慢车转速外，在发动机所有状态，\n由ППО驱动发电机的功率\n(COSФ=0.8～1)\n    长期使用     60kW\n    5min使用     ≤90kW\n    5s瞬间       ≤120kW\n      小转速和近地飞行    ≤50kW\n      小转速高空飞行      ≤80kW'}
"
燃滑油散热器的燃油滤需要检查哪些信号器？,无,无
发动机进气导向器的叶片检查通常与哪个部件的第一级叶片一起进行？,无,无
哪两个部件分别传动了发电机？,这两个部件分别是发动机高压压气机转子轴和空气涡轮 ППО 。,"{'title': '恒速传动系统', 'text': '对发电机的传动，经过游星减速器有两个传动来源，一个是由发动机高压压气机转子轴传动，另一个是由空气涡轮ППО传动\n    空气涡轮ППО的转速和发动机的转速成反比变化，发动机转速越高，ППО的转速反而越低，最终将发电机保持在额定转速上运转。\n    但在发动机开车和在慢车之前，是关闭的，节流风门位于关闭的位置，发电\n机的转速和发动机高压压气机成正比例的变化(发电机的转速在额定转速以下),当发动机达到慢车转速时，ППО被接通，有电压供给电磁活门MKT-372,这时节流风门打开。空气由高压压气机进入空气涡轮ППО, ППО转速增加，带动发电机到额定转速，由调节器保持发电机的额定转速，不随发动机的工作状态、负荷和飞行条件而改变。\n    当发电机转速偏离额定转速时，调节器的转速也改变，通过摇臂系统，操纵节流风门开大或关小，改变进入ППО的空气量，使ППО的转速变大或变小，从而使发电机的转速也随之改变，恢复到额定转速。\n    为了防止ППО在发动机低于慢车转速时或其它情况“提前”被接通，从而使ППО超过最大的允许转速，为此在ППО的构造中，设有压差信号器XCI-1.2,使发动机转速小于“慢车转速”的情况下，ППО接不通。也就是当发动机转速减少到小于慢车转速时，压差信号器膜盒接触点脱开，电路断开，使ППО关闭。\n    在游星减速器的输出轴上装有极限连轴器，当发电机卡滞或飞机电力系统工作不正常、发电机负荷过大时，为了预防其它传动机构损伤，极限连轴器折断，在ППО的齿轮减速箱内还有棘轮机构，防止在关闭空气涡轮时产生反转。\n技术参数如下：\nГТ60ПЧ6А额定转速                        6000r/min±60r/min\nГТ60ПЧ6А最大允许转速                    7050r/min±200r/min\n高压压气机转速范围(发电机保持恒速)        (5870～10860)r/min\n发动机在额定转速内交流频率                400Hz±4Hz\n空气涡轮ППО工作转速                     (4300～34600)r/min\n离心开关限制转速                          (46120±1030)r/min\n除慢车转速外，在发动机所有状态，\n由ППО驱动发电机的功率\n(COSФ=0.8～1)\n    长期使用     60kW\n    5min使用     ≤90kW\n    5s瞬间       ≤120kW\n      小转速和近地飞行    ≤50kW\n      小转速高空飞行      ≤80kW'}
"
如果发电机转速偏离额定转速，调节器会执行什么动作？,调节器会改变自身的转速，并通过摇臂系统操纵节流风门开大或关小，从而改变进入空气涡轮（ППО）的空气量，使发电机转速恢复到额定转速 。,"{'title': '恒速传动系统', 'text': '对发电机的传动，经过游星减速器有两个传动来源，一个是由发动机高压压气机转子轴传动，另一个是由空气涡轮ППО传动\n    空气涡轮ППО的转速和发动机的转速成反比变化，发动机转速越高，ППО的转速反而越低，最终将发电机保持在额定转速上运转。\n    但在发动机开车和在慢车之前，是关闭的，节流风门位于关闭的位置，发电\n机的转速和发动机高压压气机成正比例的变化(发电机的转速在额定转速以下),当发动机达到慢车转速时，ППО被接通，有电压供给电磁活门MKT-372,这时节流风门打开。空气由高压压气机进入空气涡轮ППО, ППО转速增加，带动发电机到额定转速，由调节器保持发电机的额定转速，不随发动机的工作状态、负荷和飞行条件而改变。\n    当发电机转速偏离额定转速时，调节器的转速也改变，通过摇臂系统，操纵节流风门开大或关小，改变进入ППО的空气量，使ППО的转速变大或变小，从而使发电机的转速也随之改变，恢复到额定转速。\n    为了防止ППО在发动机低于慢车转速时或其它情况“提前”被接通，从而使ППО超过最大的允许转速，为此在ППО的构造中，设有压差信号器XCI-1.2,使发动机转速小于“慢车转速”的情况下，ППО接不通。也就是当发动机转速减少到小于慢车转速时，压差信号器膜盒接触点脱开，电路断开，使ППО关闭。\n    在游星减速器的输出轴上装有极限连轴器，当发电机卡滞或飞机电力系统工作不正常、发电机负荷过大时，为了预防其它传动机构损伤，极限连轴器折断，在ППО的齿轮减速箱内还有棘轮机构，防止在关闭空气涡轮时产生反转。\n技术参数如下：\nГТ60ПЧ6А额定转速                        6000r/min±60r/min\nГТ60ПЧ6А最大允许转速                    7050r/min±200r/min\n高压压气机转速范围(发电机保持恒速)        (5870～10860)r/min\n发动机在额定转速内交流频率                400Hz±4Hz\n空气涡轮ППО工作转速                     (4300～34600)r/min\n离心开关限制转速                          (46120±1030)r/min\n除慢车转速外，在发动机所有状态，\n由ППО驱动发电机的功率\n(COSФ=0.8～1)\n    长期使用     60kW\n    5min使用     ≤90kW\n    5s瞬间       ≤120kW\n      小转速和近地飞行    ≤50kW\n      小转速高空飞行      ≤80kW'}
"
为什么需要防止ППО在发动机低于慢车转速时被接通？,为了防止 ППО 超过最大的允许转速 。,"{'title': '恒速传动系统', 'text': '对发电机的传动，经过游星减速器有两个传动来源，一个是由发动机高压压气机转子轴传动，另一个是由空气涡轮ППО传动\n    空气涡轮ППО的转速和发动机的转速成反比变化，发动机转速越高，ППО的转速反而越低，最终将发电机保持在额定转速上运转。\n    但在发动机开车和在慢车之前，是关闭的，节流风门位于关闭的位置，发电\n机的转速和发动机高压压气机成正比例的变化(发电机的转速在额定转速以下),当发动机达到慢车转速时，ППО被接通，有电压供给电磁活门MKT-372,这时节流风门打开。空气由高压压气机进入空气涡轮ППО, ППО转速增加，带动发电机到额定转速，由调节器保持发电机的额定转速，不随发动机的工作状态、负荷和飞行条件而改变。\n    当发电机转速偏离额定转速时，调节器的转速也改变，通过摇臂系统，操纵节流风门开大或关小，改变进入ППО的空气量，使ППО的转速变大或变小，从而使发电机的转速也随之改变，恢复到额定转速。\n    为了防止ППО在发动机低于慢车转速时或其它情况“提前”被接通，从而使ППО超过最大的允许转速，为此在ППО的构造中，设有压差信号器XCI-1.2,使发动机转速小于“慢车转速”的情况下，ППО接不通。也就是当发动机转速减少到小于慢车转速时，压差信号器膜盒接触点脱开，电路断开，使ППО关闭。\n    在游星减速器的输出轴上装有极限连轴器，当发电机卡滞或飞机电力系统工作不正常、发电机负荷过大时，为了预防其它传动机构损伤，极限连轴器折断，在ППО的齿轮减速箱内还有棘轮机构，防止在关闭空气涡轮时产生反转。\n技术参数如下：\nГТ60ПЧ6А额定转速                        6000r/min±60r/min\nГТ60ПЧ6А最大允许转速                    7050r/min±200r/min\n高压压气机转速范围(发电机保持恒速)        (5870～10860)r/min\n发动机在额定转速内交流频率                400Hz±4Hz\n空气涡轮ППО工作转速                     (4300～34600)r/min\n离心开关限制转速                          (46120±1030)r/min\n除慢车转速外，在发动机所有状态，\n由ППО驱动发电机的功率\n(COSФ=0.8～1)\n    长期使用     60kW\n    5min使用     ≤90kW\n    5s瞬间       ≤120kW\n      小转速和近地飞行    ≤50kW\n      小转速高空飞行      ≤80kW'}
"
在飞行前机务准备中，如何检查发动机的进气道工作？,无,无
当发动机转速小于慢车转速时，压差信号器膜片处于什么状态？,压差信号器膜盒接触点脱开 。,"{'title': '恒速传动系统', 'text': '对发电机的传动，经过游星减速器有两个传动来源，一个是由发动机高压压气机转子轴传动，另一个是由空气涡轮ППО传动\n    空气涡轮ППО的转速和发动机的转速成反比变化，发动机转速越高，ППО的转速反而越低，最终将发电机保持在额定转速上运转。\n    但在发动机开车和在慢车之前，是关闭的，节流风门位于关闭的位置，发电\n机的转速和发动机高压压气机成正比例的变化(发电机的转速在额定转速以下),当发动机达到慢车转速时，ППО被接通，有电压供给电磁活门MKT-372,这时节流风门打开。空气由高压压气机进入空气涡轮ППО, ППО转速增加，带动发电机到额定转速，由调节器保持发电机的额定转速，不随发动机的工作状态、负荷和飞行条件而改变。\n    当发电机转速偏离额定转速时，调节器的转速也改变，通过摇臂系统，操纵节流风门开大或关小，改变进入ППО的空气量，使ППО的转速变大或变小，从而使发电机的转速也随之改变，恢复到额定转速。\n    为了防止ППО在发动机低于慢车转速时或其它情况“提前”被接通，从而使ППО超过最大的允许转速，为此在ППО的构造中，设有压差信号器XCI-1.2,使发动机转速小于“慢车转速”的情况下，ППО接不通。也就是当发动机转速减少到小于慢车转速时，压差信号器膜盒接触点脱开，电路断开，使ППО关闭。\n    在游星减速器的输出轴上装有极限连轴器，当发电机卡滞或飞机电力系统工作不正常、发电机负荷过大时，为了预防其它传动机构损伤，极限连轴器折断，在ППО的齿轮减速箱内还有棘轮机构，防止在关闭空气涡轮时产生反转。\n技术参数如下：\nГТ60ПЧ6А额定转速                        6000r/min±60r/min\nГТ60ПЧ6А最大允许转速                    7050r/min±200r/min\n高压压气机转速范围(发电机保持恒速)        (5870～10860)r/min\n发动机在额定转速内交流频率                400Hz±4Hz\n空气涡轮ППО工作转速                     (4300～34600)r/min\n离心开关限制转速                          (46120±1030)r/min\n除慢车转速外，在发动机所有状态，\n由ППО驱动发电机的功率\n(COSФ=0.8～1)\n    长期使用     60kW\n    5min使用     ≤90kW\n    5s瞬间       ≤120kW\n      小转速和近地飞行    ≤50kW\n      小转速高空飞行      ≤80kW'}
"
发动机第一个50小时工作后需要进行哪些特定的定期维护？,无,无
检查尾喷口时，还需要同时检查哪个涡轮的叶片？,无,无
МФС-30油滤的清洗安装步骤是怎样的？,无,无
如果发现压气机第一级转子转动不平稳，可能涉及到哪些部件的检查？,无,无
再次飞行前检查（1.1.4）主要包含哪些内容？,无,无
ППО的全称或定义是什么？,空气涡轮（Air Turbine）。," {'title': '恒速传动系统', 'text': '恒速传动装置，是用来以恒定的转速带动交流发电机ГТ60ПЧ6А,不因发动机的转速、负荷和飞机的飞行条件而变更的传动装置。\n    在成套的恒速传动装置中，包括：游星减速器、带离心开关的ППО涡轮、恒速传动调节器РППО-30П、带应急关闭ППО的节流风门、压差信号器ДСД-1.2 (详见《Д-30КП-2А发动机技术说明书》附图中图4-96)。\n    带连轴器的游星减速器和ППО齿轮减速箱，安装在发动机后传动机匣上。\n    空气涡轮ППО、恒速传动调节器РППО-30KII和交流发电机ГТ60ПЧ6А,也固定在后传动机匣上。\n    节流风门组件，包括操纵风门、应急关闭ППО的节流风门、压力信号器等，固定在发动机机匣上。\n    恒速传动装置和下列安装在飞机上的附件一起工作：频率调节组合EPY-62SM、防护与调节组件БЗУ-376CП、电压调节组件БPH-208M7Б、变压器组件БTT-60П。\n    为了提高飞行性能，在ППО系统中，设置了应急关闭ППО装置，当发电机和O达到(超过)最大转速时，可应急停止向ППО的供气。\n    接通ППО,保持发电机的额定转速，此功能由空气涡轮实现，关闭ППО以后：恒速传动全套机构停转。\n    注意：为了避免振动对空气涡轮ППО的影响，在发动机工作期间，不要关闭恒速传动装置，但在定期工作时，为了测量发动机或飞机供电系统的参数，允许关闭ППО不超过20min。'}
"
发动机日常维护工作包含哪几个阶段的机务准备？,无,无
低压涡轮第IV级叶片属于日常维护的检查项目吗？,无,无
节流风门在发动机开车前处于什么位置？,节流风门在发动机开车前处于关闭位置 。," {'title': '恒速传动系统', 'text': '恒速传动装置，是用来以恒定的转速带动交流发电机ГТ60ПЧ6А,不因发动机的转速、负荷和飞机的飞行条件而变更的传动装置。\n    在成套的恒速传动装置中，包括：游星减速器、带离心开关的ППО涡轮、恒速传动调节器РППО-30П、带应急关闭ППО的节流风门、压差信号器ДСД-1.2 (详见《Д-30КП-2А发动机技术说明书》附图中图4-96)。\n    带连轴器的游星减速器和ППО齿轮减速箱，安装在发动机后传动机匣上。\n    空气涡轮ППО、恒速传动调节器РППО-30KII和交流发电机ГТ60ПЧ6А,也固定在后传动机匣上。\n    节流风门组件，包括操纵风门、应急关闭ППО的节流风门、压力信号器等，固定在发动机机匣上。\n    恒速传动装置和下列安装在飞机上的附件一起工作：频率调节组合EPY-62SM、防护与调节组件БЗУ-376CП、电压调节组件БPH-208M7Б、变压器组件БTT-60П。\n    为了提高飞行性能，在ППО系统中，设置了应急关闭ППО装置，当发电机和O达到(超过)最大转速时，可应急停止向ППО的供气。\n    接通ППО,保持发电机的额定转速，此功能由空气涡轮实现，关闭ППО以后：恒速传动全套机构停转。\n    注意：为了避免振动对空气涡轮ППО的影响，在发动机工作期间，不要关闭恒速传动装置，但在定期工作时，为了测量发动机或飞机供电系统的参数，允许关闭ППО不超过20min。'}
"
这是一个关于Д-30 КП-2型发动机的维护手册吗？,是的,所有的
信号器ЦВС-30属于哪个系统的检查范围？,信号器 ЦВС-30（全称为“带金属屑油滤—信号器的空气分离器”）属于 润滑与通风系统 的检查范围 。,"{'title': '润滑与通风系统', 'text': '润滑与通风系统，用来保证向发动机各磨擦表面不间断的供应滑油以减少摩擦力，同时将热量带走。通风系统还能使各发动机内腔滑油保持一定的剩余压力，以改善滑油\n泵的加压级和回油级的工作能力。\n    润滑与通风系统包含了下列主要附件：滑油箱、燃滑油散热器4845T、主\n滑油泵OMH-30、回油泵MHO-1、回油泵MHO-30K、带金属屑油滤—信号器的空气分离器ЦВС-30、油雾分离器ЦC-30K、滑油滤МФС-30和放油开关636700A。\n    润滑系统是一个封闭的系统，通过油箱自动的完成滑油的循环。在发动机工作时，滑油自油箱进入主滑油泵OMH-30的加压级，经单向活门，至油滤МФС-30。经过油滤后滑油分五路供油：\n    沿内部导管与处于进气导向器叶片内油路，滑油去润滑低压压气机转子的滚子轴承，并沿内部导管去润滑高低压涡轮轴的轴间轴承；\n    沿前传动机匣和分隔机匣的内部油路，滑油去润滑前传动机匣和中央传动机匣的\n齿轮与轴承，润滑低压压气机转子的球轴承，高压压气机转子的滚子轴承和锥齿轮的轴承；\n    沿内部导管滑油进入轴罩壳去润滑高压压气机转子的球轴承和高压涡轮转子的滚子轴承；\n    沿内部导管，滑油进入低压涡轮后支点，去润滑低压涡轮转子的滚子轴承；\n    沿内部导管，滑油去润滑后传动机匣的轴承与齿轮。'}
"
机务准备中“直接机务准备”的编号是多少？,无,无
空气涡轮ППО的转速与发动机转速成正比还是反比？,根据文档《第三篇发动机的维护(1).docx》的内容，空气涡轮 ППО 的转速与发动机的转速成反比," {'title': '恒速传动系统', 'text': '恒速传动装置，是用来以恒定的转速带动交流发电机ГТ60ПЧ6А,不因发动机的转速、负荷和飞机的飞行条件而变更的传动装置。\n    在成套的恒速传动装置中，包括：游星减速器、带离心开关的ППО涡轮、恒速传动调节器РППО-30П、带应急关闭ППО的节流风门、压差信号器ДСД-1.2 (详见《Д-30КП-2А发动机技术说明书》附图中图4-96)。\n    带连轴器的游星减速器和ППО齿轮减速箱，安装在发动机后传动机匣上。\n    空气涡轮ППО、恒速传动调节器РППО-30KII和交流发电机ГТ60ПЧ6А,也固定在后传动机匣上。\n    节流风门组件，包括操纵风门、应急关闭ППО的节流风门、压力信号器等，固定在发动机机匣上。\n    恒速传动装置和下列安装在飞机上的附件一起工作：频率调节组合EPY-62SM、防护与调节组件БЗУ-376CП、电压调节组件БPH-208M7Б、变压器组件БTT-60П。\n    为了提高飞行性能，在ППО系统中，设置了应急关闭ППО装置，当发电机和O达到(超过)最大转速时，可应急停止向ППО的供气。\n    接通ППО,保持发电机的额定转速，此功能由空气涡轮实现，关闭ППО以后：恒速传动全套机构停转。\n    注意：为了避免振动对空气涡轮ППО的影响，在发动机工作期间，不要关闭恒速传动装置，但在定期工作时，为了测量发动机或飞机供电系统的参数，允许关闭ППО不超过20min。'}
"
发动机起动时，进入慢车转速耗时28秒，经检查发现去自动起动装置的空气滤堵塞，请问该故障是否属于异常，依据是什么？应该采取什么措施,"是，属于异常。正常进入慢车时间应在35-80秒之间，28秒<35秒，属于""慢车转速异常区""。解决方案：将自动起动装置的气滤拆下清洗。","{'title': '2.4.14', 'text': '故障现象： 发动机进入慢车转速小于 35s 或大于 80s。\n 原因1： 起动过程性能调整不当。\n 排除方法1： 重新调整发动机。\n 原因2： 去自动起动装置的空气滤堵塞。 \n排除方法2： 将自动起动装置的气滤拆下清洗。\n 原因3： 去自动起动装置的空气管漏气。\n 排除方法3： 检查漏气部位排除漏气。'}
","[
  ""[发动机进入慢车转速小于35s或大于80s, has_attribute, 状态: 进入慢车时间异常]"",
  ""[发动机进入慢车转速小于35s或大于80s, has_attribute, 数值范围: <35s 或 >80s]"",
  ""[发动机进入慢车转速小于35s或大于80s, 起因于, 去自动起动装置的空气滤堵塞]"",
  ""[去自动起动装置的空气滤堵塞, 解决措施为, 将自动起动装置的气滤拆下清洗]""
]"
维护人员在检查中发现 HP-30 K II 自动起动系统的空气滤发生堵塞，针对该特定部件（HP-30 K II）的堵塞，应执行的具体解决措施是什么？,针对 HP-30 K II 自动起动系统的空气滤堵塞，指定的解决措施是 “用汽油或煤油清洗 HP-30 K II 自动起动系统的空气滤,"{'title': '2.1.2', 'text': '故障现象：起动时转速“悬挂”在慢车转速以下，喷嘴第1油路油压不增加，排气温度不增高。\n原因1：HP-30 K II 的油门节流活门摇臂未放置到慢车区域。\n排除方法1：调整油门操纵系统。\n原因2：HP-30 K II 自动起动系统的供气系统管路不密封。\n排除方法2：检查自动起动的供气系统，排除漏气。\n原因3：HP-30 K II 自动起动系统的空气滤堵塞。\n排除方法3：用汽油或煤油清洗 HP-30 K II 自动起动系统的空气滤。'}
","[
  ""[HP-30 K II 自动起动系统的空气滤堵塞，解决措施为，用汽油或煤油清洗 HP-30 K II 自动起动系统的空气滤]""
]"
当飞机处于结冰气象条件时，驾驶舱内的“发动机结冰信号灯”未能点亮，列出导致该现象的所有可能原因,自动装置供电电路断线;信号器标准传感器加温电路断了;信号器接触点不闭合;由自动装置到结冰信号器的供电电路断了;自动装置故障,"{'title': '2.7.2', 'text': '故障现象： “发动机结冰” 信号灯，在结冰时不亮。 \n原因1： 自动装置供电电路断线。 \n排除方法1： 检查保险丝与导线，排除 БА-137 (3 批) 供电线路故障。 \n原因2： 信号器标准传感器加温电路断了。 \n排除方法2： 更换结冰信号器。\n 原因3： 信号器接触点不闭合。 \n排除方法3： 更换结冰信号器。 \n原因4： 由自动装置到结冰信号器的供电电路断了。 \n排除方法4： 检查信号器供电电路，排除断线。 \n原因5： 自动装置故障。 \n排除方法5： 更换自动装置。'}
","[
  ""[发动机结冰信号灯在结冰时不亮，起因于，自动装置供电电路断线]"",
  ""[发动机结冰信号灯在结冰时不亮，起因于，信号器标准传感器加温电路断了]"",
  ""[发动机结冰信号灯在结冰时不亮，起因于，信号器接触点不闭合]"",
  ""[发动机结冰信号灯在结冰时不亮，起因于，由自动装置到结冰信号器的供电电路断了]"",
  ""[发动机结冰信号灯在结冰时不亮，起因于，自动装置故障]""
]"
继电器 P2 断开本应触发什么直接后果,继电器P2断开则断开了参加起动的各附件的电源,"{'title': '起动系统', 'text': '停止起动\n    停止起动发动机，需按下位于飞行员座舱起动配电板上的“停止起动”按钮，按下“停止起动”按钮后，继电器P2线圈供电被关断，继电器P2断开则断开了参加起动的各附件的电源。经P2的触点16—17,带27V电压的电流进入电机3M电磁铁线圈，其回路是：由“AПД-55供电”自动开关，经起动箱接线柱4Щ1,继电器P3的触点2—1,P2的触点16—17,P1的触点6—5,和电机3M的电磁铁线圈，程序机构被接通在加速恢复循环状态，经(3～4)s恢复到原始状态。最后凸轮开关“O”被恢复到原始状态，由它断开继电器P1的。\n    在继电器P1断开时，也切断了向加速恢复装置电机3M线圈的供电，已断开的继电器P1,用触点7—8使电动机电枢电路短接，这样使电机产生了刹车力矩，电机刹车，同时停止了除“空中起动”以外的所有自动工作循环。\n系统工作的检查：\n    为了检查起动系统是否正常，在起动箱上设置了五个插销的插座“Щ3”,在插座的接线上，连有检查电路的导线，检查电路能够检查。\n●油泵调节器液压开关的“负极”线是否完好(线柱1);\n●起动箱AПД-55工作全循环(线柱2);\n●向附加风门电磁铁的供电(线柱3):\n●向点火系统的供电(线柱4);\n●向空气恒压风门(起动机的)电磁铁的供电(线柱5)。\n    检查时，连接直流电压表或继电器PПC18/7连接灯泡，进行检查工作。\n技术参数如下：\n直流供电电压                                   27V\n在起动过程短时电压降至                         16V以上\n起动循环时间  \n地面起动循环时间                               56s±4s\n冷运转                                         30s±3s\n假开车                                         56s±4s\n空中起动                                       32s±3s\n工作状态，允许的重复工作时间、次数 五次接通，每次工作时间不超过60s,两次工   作之间停止工作3min,五次工作之后停止工作30min,这样循环工作两次之后冷却时间不少于1小时。'}
","[
  ""[继电器 P2 断开，导致，断开了参加起动的各附件的电源]""
]"
在对发动机低压燃油系统进行外部检查时，维修人员发现增压油泵 ДЦН44С-П3Т 的进油端管路存在明显的燃油渗漏迹象。应重点检查哪一个部件？并请根据文档说明该部件在系统油路中的具体安装位置。,"应重点检查的部件：
油封接头
该部件在系统油路中的具体安装位置：
位于飞机油箱与增压油泵之间，具体安装在增压油泵（ДЦН44С-П3Т）的进油管路上。","{'title': '低压燃油系统', 'text': ' 低压燃油系统用来向各操纵和调节附件供给燃油(油泵调节器НР-30КП和恒速传动调节器),\n    低压燃油系统含下列附件：增压油泵ДЦН44С-П3Т、耗量传感器ДРТМС-10Т、燃滑油散热器4845T,散热器装有油滤和油泵调节器НР-30КП进油压力测量接头，有和上述各附件与附件回油腔连接的导管，在增压油泵的进油管路上，有发动机燃油系统的油封接头。\n    燃油由飞机油箱进至增压油泵，由此经导管和耗量传感器、带油滤的燃滑油散热器进到油泵调节器与恒速传动调节器。增压油泵压力(0.1764～0.2058)MPa。在燃滑油散热器上的精度为(12～16)μm的油滤组件，过滤各精密附件的常用燃油。'}
","[
  ""[油封接头，has_attribute，安装位置：增压油泵进油管路]"",
  ""[增压油泵ДЦН44С-П3Т，连接，油封接头]""
]"