序号,问题,回答,三元组数量,文本块数量,三元组内容,文本块内容,是否正确
1,空气涡轮ППО是由什么部件传动的？,空气涡轮ППО是由来自高压压气机的压缩空气驱动的。,20,10,"([Unknown Node: 起动系统] , kw_filter_by, [Unknown Node: 起动系统] ) [score: 0.386]|([Unknown Node: 起动系统] , has_attribute, [Unknown Node: 详细描述: 负责发动机的起动过程] ) [score: 0.446]|([Unknown Node: 润滑与通风系统] , has_attribute, [Unknown Node: 名称: 润滑与通风系统] ) [score: 0.379]|([Unknown Node: n2转速] , 涉及参数, [Unknown Node: 起动系统] ) [score: 0.432]|([Unknown Node: 润滑与通风系统] , has_attribute, [Unknown Node: 名称: 润滑与通风系统] ) [score: 0.393]","{'title': '引气系统和发动机防冰系统', 'text': '涡轮部件冷却空气的输送\n    为了冷却涡轮部件，冷却空气取自于发动机内函道(高压)和外函道(低压)。\n    高压空气用来冷却I、Ⅱ级涡轮的导向叶片、工作叶片与涡轮盘。\n    低压空气用来冷却Ⅲ、IV、V、VI级涡轮盘，所有导向器外环和高低压涡轮的滚子轴承支点部件。\n向空气涡轮ППО输气\n    来自高压压气机第XI级的压缩空气，沿着导管经调节风门和应急关闭ППО风门，进入空气涡轮ППО。\n向油泵调节器的最大压力限制器、起动与加速性自动装置供气\n    来自高压压气机第XI级的压缩空气，经过空气滤，沿两条导管输向起动自动装置、加速性自动装置与最大压力限制器。\n向排油系统供气\n    向前、后排油箱供给的空气均来自发动机的外函道。\n    排油箱中的燃油，被带压力的空气挤出，经导管流入通风管，导入收口中排出。\n向发动机防冰系统供气\n    在发动机低压压气机进气叶片(26片)、整流罩和温度传感器ТД-30К结冰的情况下，分别由高压压气机第VI级或第XI级向该处供给加温的空气，加温压缩空气的供给，根据发动机的工作状态是自动转换的。\n    发动机防冰系统包括：自第X级的输气管、自第VI级的输气管、配气风门、电动风门、导管和结冰信号器ДО-206 (2批)。\n    配气风门可以自动地将由高压压气机XI级的输气管供气转为由VI级的输气管供气，在高压压气机的转速超过8700r/min±150r/min,由高压压气机VI级供气，低于此转速由第XI级供气。\n    打开电动风门与热空气输向绝热的集气室，是由风门的电动机构ЭПВ-150MT进行的，当出现“结冰”信号时，手动接通电动风门，结冰信号由信号器ДО-206 (2批)发出，经自动装置БA-137(3批)传送。\n    热空气被送入集气室之后，由集气室经进气导向叶片内腔，将叶片加热，然后进入整流罩，加热整流罩外壳后，排入到发动机进气气流中。\n向飞机各用气部位供气\n    飞机机舱的空气调节和飞机机翼防冰系统所需的空气，由发动机高压压气机第XI级，经过设在发动机上部的套筒供给。\n    冷却系统所需的空气，由发动机外函道，经过设在发动机上部的短管供给。\n    向进气道防冰系统供气的空气来自高压压气机的VI和XI级，同时也向发动机防冰系统供气。'}|{'title': '2.8.2', 'text': '故障现象： 在发电机断开的时候转速超过 6000r/min。 \n原因1： ППО 风门不密封。 \n排除方法1： 更换节流风门为新品。 \n原因2： ППО 风门和壳体卡住，运转不灵。 \n排除方法2： 更换节流风门为新品。 \n原因3： 风门轴承卡住。 \n排除方法3： 更换节流风门为新品。'}|{'title': '起动系统', 'text': '自动起动系统，保证发动机的自动起动、冷运转和假起动。自动起动系统包含：\n    自动起动箱AПД-55;\n    空气起动机CTB-3T\n    空气起动机的液压开关，装在НР-30КП上；\n    空气起动机的离心开关；\n    点火附件CKHA-22-2A。\n    所有起动系统的附件，除自动起动箱AПД-55外，均装在发动机上，AПД-55装在飞机上。\n    起动系统各附件的运转均是远距离操纵的，所有起动系统的电门、转换开关、按钮、信号灯、信号指示器均装在飞行员座舱的操纵台上或显示器上。为了控制起动机前的压缩空气压力，使用了压力传感器。'}",1
2,MKT-372电磁活门在什么情况下会接收到电压？,当发动机达到慢车转速时，MKT-372电磁活门会接收到电压。,20,10,"([Unknown Node: 放气活门] , 属于系统, [Unknown Node: 滑油系统] ) [score: 0.471]|(МКТ-372 电磁活门 [schema_type: 部件], has_attribute, 操作对象: 保险丝, 导线, БА-137 (3 批) 供电线路 ) [score: 0.703]|(电磁活门电插头 , keyword_of, 电磁活门与电磁铁组 以МКТ-372电磁活门为核心，包含ЭМТ-713电磁铁及其电插头，涉及电磁阀门的控制与执行部件。 [members: МКТ-372 电磁活门, ЭМТ-713 电磁铁, 电磁活门电插头]) [score: 0.656]|([Unknown Node: 起动系统] , has_attribute, [Unknown Node: 详细描述: 负责发动机的起动过程] ) [score: 0.368]|([Unknown Node: 放气活门] , has_attribute, [Unknown Node: 部件类型: 放气活门] ) [score: 0.488]","{'title': '2.4.6', 'text': '故障现象： 起动时 “起动机危险转速” 信号灯亮。\n 原因1： НР-30КП 上的起动液压开关调整不当。 \n排除方法1： 重新调整 НР-30КП 上的调整螺钉调好起动机断开转速。\n 原因2： 起动机离心开关在 n2 低于 4800r/min 时，给出了信号，起动机和发动机连接的棘轮机构不脱开。\n 排除方法2： 更换空气起动机。拆下起动机检查卡爪，若不正常则更换损坏的零件。'}|{'title': '起动系统', 'text': '发动机假起动\n    假起动的目的是为燃油系统充满燃油和检查燃油系统的密封，在假起动时，起动种类选择开关应放在中间“假起动”位置，当按下“地面起动”按钮后，起动系统各执行机构的工作情况与发动机地面起动一样，但不点火(即接线柱6Щ1“正极”不供电),电气自动系统的关闭与空气起动机的关断并停止假起动的工作是在起动开始后56s±4s。\n发动机冷运转\n    冷运转时，将起动种类选择开关置于“冷运转”位置。\n    按下“地面起动”按钮以后，起动系统的工作情况和发动机地面开车一样，但也有不同之处，在冷运转时不接通点火系统，由于起动种类选择开关不向继电器P4.供电，机上电网27V电压(经“起动”自动开关，起动种类选择开关，起动箱触点5Щ1,继电器P2触点(11—12)供给程序机构凸轮开关“Г”),此凸轮开关是在起动循环工作后的27s,使触点闭合，并经过继电器P1的触点(6—5)接通程序机构的加速恢复装置的电磁铁3M,程序机构的减速器被转换成加速循环，经过3s系统恢复到原始状态。冷运转总的循环工作时间30s±3s,在此时间内断开空气起动机。\n    注：发动机冷运转，不向燃烧室喷油点火。'}|{'title': '防喘调节系统', 'text': '发动机防喘调节系统包括高压压气机进气导向叶片调节系统和放气活门操纵系统两大部分。发动机防喘调节系统的作用是感受高压转子换算转速，根据换算转速的变化，自动控制高压压气机的放气活门开与关和进气导向器叶片角度的改变，以防止压气机产生喘振。\n    本节的内容在燃油系统中已作了详细的介绍，在此就不重复叙述，只作简要介绍。\n    防喘调节系统由压气机进口温度传感器ТД-30К、换算转速传感器ДПО-30КП、放气活门、导向器调节器PHA-30K、导向器作动筒ЦНА-30К和导向器叶片传动部分组成。\n    发动机工作时，进口温度传感器ТД-30К感受进气温度，发出与进气温度成线性关系的液压压力信号给换算转速传感器。换算转速传感器在后附件传动机构带动下工作，感受发动机高压转子的物理转速，同时在温度传感器ТД-30К的压力信号作用下，发出与换算转速平方成线性关系的压力信号PПO。\n\n    当PПO值很小时，换算转速传感器上的控制放气活门开关的两个活门均处于左极限位置。当n2达到14%(1500r/min)时，放气活门在燃油泵调节器油泵出口高压燃油作用下，打开放气；导向器调节器的分油活门在弹簧力作用下，处于右极限位置，这时导向器作动简活塞在定压燃油油压作用下，处于左极限位置(实物上活塞杆处于外伸位置),导向器叶片处于最小安装角-33°位置。\n    随着发动机高压转子转速的均匀增大(在标准大气条件下), PПO值跟着增大。当换算转速值增加到某一值时，即n2换算=75.5%±1.5%(8230r/min±150r/min)时，Pno值已增大到使导向器调节器分油活门处于偏离中立位置左边。则作动筒活塞在定压燃油油压作用下，开始右移(实物上活塞杆往回缩),使导向器叶片安装角由最小-33°向增大方向转动。从n2换算=75.5%±1.5%,一直到n2换算=91.5%±1.5%(10000r/min±150r/min),导向器叶片的安装角与n2换算成——对应的关系。当n2换算=91.5%±1.5%\t(10000r/min±150r/min)时，导向器叶片安装角变大到0°。当n2换算再增大时，导向器叶片安装角保持为0°不变。当n2换算增大到等于79%±1.5%(8600r/min±150r/min)时，换算转速传感器控制放气活门开关的两个活门，在PПO油压力作用下，处于右极限位置，断开去放气活门的高压燃油路，并使通放气活门的油路与回油路相通，放气活门在弹簧力作用下关闭，停止放气。\n    当发动机高压转子转速由大转速均匀减小时，当n2换算=91.5+1.5 -3.5%\t(10000+150 -400r/min),导向器叶片开始由最大安装角0°向减小方向转动。当n2换算=75.5+1.5 -3.5%(8230+150 -400r/min)时，导向器叶片已转到-33°位置。随后n2换算值再下降，分油活门偏在中立位置右面，保持活塞处于-33°位置不动。当n2换算=79-1.5 -2.5%(8600-150 -250r/min)时，放气活门打开。'}",success
3,压差信号器XCI-1.2在ППО构造中起什么作用？,压差信号器XCI-1.2在ППО构造中的作用是防止ППО（空气涡轮）在发动机转速低于慢车转速时被提前接通。当发动机转速低于慢车转速时，该信号器的膜盒接触点脱开，断开电路，从而关闭ППО，防止其超过最大允许转速。,20,10,"(压差信号器XCI-1.2 , keyword_of, 电气与自动装置故障集 本社区汇集了各类自动装置、电气部件及信号系统的故障，如补偿器、热电偶、电动机构、电路、继电器及信号灯等部件的异常或损坏。 [members: 热电偶故障, 温度调节器失灵, 温度调节器与状态传感器连接导线折断, 结冰信号器接触点粘住了, 信号灯烧坏, 结冰信号器, 温度接受器内部断路或短路, 信号器标准传感器加温电路断了, 信号器接触点不闭合, 由自动装置到结冰信号器的供电电路断了, 检查信号器供电电路，排除断线, 压力差信号器 ДСД-1.2 故障, 压力差信号器 ДСД-1.2, 压差信号器ДСД-1.2, 压差信号器XCI-1.2]) [score: 0.595]|([Unknown Node: 润滑与通风系统] , 包含, [Unknown Node: 滑油箱] ) [score: 0.315]|(压差信号器XCI-1.2 [schema_type: 部件], has_attribute, 功能: 防止ППО提前接通 ) [score: 0.730]|([Unknown Node: 润滑与通风系统] , 包含, [Unknown Node: 滑油箱] ) [score: 0.370]|([Unknown Node: 起动系统] , 涉及参数, [Unknown Node: 起动机前的压缩空气压力] ) [score: 0.368]","{'title': '2.4.6', 'text': '故障现象： 起动时 “起动机危险转速” 信号灯亮。\n 原因1： НР-30КП 上的起动液压开关调整不当。 \n排除方法1： 重新调整 НР-30КП 上的调整螺钉调好起动机断开转速。\n 原因2： 起动机离心开关在 n2 低于 4800r/min 时，给出了信号，起动机和发动机连接的棘轮机构不脱开。\n 排除方法2： 更换空气起动机。拆下起动机检查卡爪，若不正常则更换损坏的零件。'}|{'title': '引气系统和发动机防冰系统', 'text': '涡轮部件冷却空气的输送\n    为了冷却涡轮部件，冷却空气取自于发动机内函道(高压)和外函道(低压)。\n    高压空气用来冷却I、Ⅱ级涡轮的导向叶片、工作叶片与涡轮盘。\n    低压空气用来冷却Ⅲ、IV、V、VI级涡轮盘，所有导向器外环和高低压涡轮的滚子轴承支点部件。\n向空气涡轮ППО输气\n    来自高压压气机第XI级的压缩空气，沿着导管经调节风门和应急关闭ППО风门，进入空气涡轮ППО。\n向油泵调节器的最大压力限制器、起动与加速性自动装置供气\n    来自高压压气机第XI级的压缩空气，经过空气滤，沿两条导管输向起动自动装置、加速性自动装置与最大压力限制器。\n向排油系统供气\n    向前、后排油箱供给的空气均来自发动机的外函道。\n    排油箱中的燃油，被带压力的空气挤出，经导管流入通风管，导入收口中排出。\n向发动机防冰系统供气\n    在发动机低压压气机进气叶片(26片)、整流罩和温度传感器ТД-30К结冰的情况下，分别由高压压气机第VI级或第XI级向该处供给加温的空气，加温压缩空气的供给，根据发动机的工作状态是自动转换的。\n    发动机防冰系统包括：自第X级的输气管、自第VI级的输气管、配气风门、电动风门、导管和结冰信号器ДО-206 (2批)。\n    配气风门可以自动地将由高压压气机XI级的输气管供气转为由VI级的输气管供气，在高压压气机的转速超过8700r/min±150r/min,由高压压气机VI级供气，低于此转速由第XI级供气。\n    打开电动风门与热空气输向绝热的集气室，是由风门的电动机构ЭПВ-150MT进行的，当出现“结冰”信号时，手动接通电动风门，结冰信号由信号器ДО-206 (2批)发出，经自动装置БA-137(3批)传送。\n    热空气被送入集气室之后，由集气室经进气导向叶片内腔，将叶片加热，然后进入整流罩，加热整流罩外壳后，排入到发动机进气气流中。\n向飞机各用气部位供气\n    飞机机舱的空气调节和飞机机翼防冰系统所需的空气，由发动机高压压气机第XI级，经过设在发动机上部的套筒供给。\n    冷却系统所需的空气，由发动机外函道，经过设在发动机上部的短管供给。\n    向进气道防冰系统供气的空气来自高压压气机的VI和XI级，同时也向发动机防冰系统供气。'}|{'title': '防喘调节系统', 'text': '发动机防喘调节系统包括高压压气机进气导向叶片调节系统和放气活门操纵系统两大部分。发动机防喘调节系统的作用是感受高压转子换算转速，根据换算转速的变化，自动控制高压压气机的放气活门开与关和进气导向器叶片角度的改变，以防止压气机产生喘振。\n    本节的内容在燃油系统中已作了详细的介绍，在此就不重复叙述，只作简要介绍。\n    防喘调节系统由压气机进口温度传感器ТД-30К、换算转速传感器ДПО-30КП、放气活门、导向器调节器PHA-30K、导向器作动筒ЦНА-30К和导向器叶片传动部分组成。\n    发动机工作时，进口温度传感器ТД-30К感受进气温度，发出与进气温度成线性关系的液压压力信号给换算转速传感器。换算转速传感器在后附件传动机构带动下工作，感受发动机高压转子的物理转速，同时在温度传感器ТД-30К的压力信号作用下，发出与换算转速平方成线性关系的压力信号PПO。\n\n    当PПO值很小时，换算转速传感器上的控制放气活门开关的两个活门均处于左极限位置。当n2达到14%(1500r/min)时，放气活门在燃油泵调节器油泵出口高压燃油作用下，打开放气；导向器调节器的分油活门在弹簧力作用下，处于右极限位置，这时导向器作动简活塞在定压燃油油压作用下，处于左极限位置(实物上活塞杆处于外伸位置),导向器叶片处于最小安装角-33°位置。\n    随着发动机高压转子转速的均匀增大(在标准大气条件下), PПO值跟着增大。当换算转速值增加到某一值时，即n2换算=75.5%±1.5%(8230r/min±150r/min)时，Pno值已增大到使导向器调节器分油活门处于偏离中立位置左边。则作动筒活塞在定压燃油油压作用下，开始右移(实物上活塞杆往回缩),使导向器叶片安装角由最小-33°向增大方向转动。从n2换算=75.5%±1.5%,一直到n2换算=91.5%±1.5%(10000r/min±150r/min),导向器叶片的安装角与n2换算成——对应的关系。当n2换算=91.5%±1.5%\t(10000r/min±150r/min)时，导向器叶片安装角变大到0°。当n2换算再增大时，导向器叶片安装角保持为0°不变。当n2换算增大到等于79%±1.5%(8600r/min±150r/min)时，换算转速传感器控制放气活门开关的两个活门，在PПO油压力作用下，处于右极限位置，断开去放气活门的高压燃油路，并使通放气活门的油路与回油路相通，放气活门在弹簧力作用下关闭，停止放气。\n    当发动机高压转子转速由大转速均匀减小时，当n2换算=91.5+1.5 -3.5%\t(10000+150 -400r/min),导向器叶片开始由最大安装角0°向减小方向转动。当n2换算=75.5+1.5 -3.5%(8230+150 -400r/min)时，导向器叶片已转到-33°位置。随后n2换算值再下降，分油活门偏在中立位置右面，保持活塞处于-33°位置不动。当n2换算=79-1.5 -2.5%(8600-150 -250r/min)时，放气活门打开。'}",success
4,调节器是如何改变进入ППО的空气量的？,调节器通过感应发电机转速的偏差，驱动摇臂系统来操纵节流风门的开度。开大风门则增加进入ППО的空气量，关小风门则减少空气量，从而改变ППО涡轮的转速，最终将发电机转速调节回恒定的额定值。,20,10,"([Unknown Node: 润滑与通风系统] , 包含, [Unknown Node: 滑油箱] ) [score: 0.404]|([Unknown Node: 起动系统] , has_attribute, [Unknown Node: 类型: 子系统] ) [score: 0.339]|([Unknown Node: 润滑与通风系统] , has_attribute, [Unknown Node: 名称: 润滑与通风系统] ) [score: 0.368]|([Unknown Node: 起动系统] , represented_by, [Unknown Node: 起动系统] ) [score: 0.311]|([Unknown Node: 起动系统] , represented_by, [Unknown Node: 起动系统] ) [score: 0.365]","{'title': '2.2.2', 'text': '故障现象： 只是在调谐状态和起飞转速能对温度起限制作用。\n原因1： 温度调节器与状态传感器连接导线折断。\n排除方法1： 发现与排除上述折断的导线。\n原因2： 状态传感器工作不正常。\n排除方法2： 更换状态传感器。\n原因3： 温度调节器工作不正常。\n排除方法3： 更换温度调节器。'}|{'title': '引气系统和发动机防冰系统', 'text': '涡轮部件冷却空气的输送\n    为了冷却涡轮部件，冷却空气取自于发动机内函道(高压)和外函道(低压)。\n    高压空气用来冷却I、Ⅱ级涡轮的导向叶片、工作叶片与涡轮盘。\n    低压空气用来冷却Ⅲ、IV、V、VI级涡轮盘，所有导向器外环和高低压涡轮的滚子轴承支点部件。\n向空气涡轮ППО输气\n    来自高压压气机第XI级的压缩空气，沿着导管经调节风门和应急关闭ППО风门，进入空气涡轮ППО。\n向油泵调节器的最大压力限制器、起动与加速性自动装置供气\n    来自高压压气机第XI级的压缩空气，经过空气滤，沿两条导管输向起动自动装置、加速性自动装置与最大压力限制器。\n向排油系统供气\n    向前、后排油箱供给的空气均来自发动机的外函道。\n    排油箱中的燃油，被带压力的空气挤出，经导管流入通风管，导入收口中排出。\n向发动机防冰系统供气\n    在发动机低压压气机进气叶片(26片)、整流罩和温度传感器ТД-30К结冰的情况下，分别由高压压气机第VI级或第XI级向该处供给加温的空气，加温压缩空气的供给，根据发动机的工作状态是自动转换的。\n    发动机防冰系统包括：自第X级的输气管、自第VI级的输气管、配气风门、电动风门、导管和结冰信号器ДО-206 (2批)。\n    配气风门可以自动地将由高压压气机XI级的输气管供气转为由VI级的输气管供气，在高压压气机的转速超过8700r/min±150r/min,由高压压气机VI级供气，低于此转速由第XI级供气。\n    打开电动风门与热空气输向绝热的集气室，是由风门的电动机构ЭПВ-150MT进行的，当出现“结冰”信号时，手动接通电动风门，结冰信号由信号器ДО-206 (2批)发出，经自动装置БA-137(3批)传送。\n    热空气被送入集气室之后，由集气室经进气导向叶片内腔，将叶片加热，然后进入整流罩，加热整流罩外壳后，排入到发动机进气气流中。\n向飞机各用气部位供气\n    飞机机舱的空气调节和飞机机翼防冰系统所需的空气，由发动机高压压气机第XI级，经过设在发动机上部的套筒供给。\n    冷却系统所需的空气，由发动机外函道，经过设在发动机上部的短管供给。\n    向进气道防冰系统供气的空气来自高压压气机的VI和XI级，同时也向发动机防冰系统供气。'}|{'title': '2.2.1', 'text': '故障现象： 在发动机工作状态和在调谐状态，不能限制温度。\n原因1： 温度调节器供电电路断了。\n排除方法1： 排除折断电路。\n原因2： 温度调节器和温度执行机构的连接电路折断。\n排除方法2： 找出断路部位予以排除。\n原因3： 执行机构内部断线。\n排除方法3： 排除断路或更换执行机构。\n原因4： 温度调节器和温度接受器连线折断或短路。\n排除方法4： 排除所指示的电路故障。\n原因5： 温度接受器内部断路或短路。\n排除方法5： 排除电路故障或更换接受器。\n原因6： 温度调节器失常。\n排除方法6： 更换温度调节器。\n原因7： 燃油附件工作不正常。\n排除方法7： 从温度调节器上拔下电插头 2РМТД27КПН19Г5А1，将 2 号线与 7 号线、1 号线与 6 号线短接。开车移动油门从慢车位置均匀的通过自动工作开始转速位置至起飞限动钉，此时发动机只是在自动工作开始转速上，若发动机能够进入起飞转速，则停车，更换执行机构与油泵调节器。'}",success
5,发电机的转速与发动机高压压气机的转速在慢车之前是什么关系？,在慢车状态之前，发电机的转速与发动机高压压气机的转速成正比例变化关系。,20,10,"([Unknown Node: 断开转速] , kw_filter_by, [Unknown Node: 断开转速] ) [score: 0.482]|(高压压气机转速 [schema_type: 参数指标], has_attribute, 发生阶段: 起动时 ) [score: 0.640]|([Unknown Node: 起动系统] , has_attribute, [Unknown Node: 名称: 起动系统] ) [score: 0.394]|([Unknown Node: 起动系统] , has_attribute, [Unknown Node: 详细描述: 负责发动机的起动过程] ) [score: 0.440]|([Unknown Node: 滑油箱] , 属于系统, [Unknown Node: 润滑与通风系统] ) [score: 0.367]","{'title': '2.4.15', 'text': '故障现象： 在发动机起动转速为（23%～27.5%）（2500r/min~3000r/min）时排气温度过高。\n原因： 起动过程燃油供油量过大。\n排除方法： 检查油泵调节器上油门开关摇臂的标记，标记应在慢车转速区中间刻线，调整油泵调节器起动自动装置调整头，减少起动供油。'}|{'title': '引气系统和发动机防冰系统', 'text': '涡轮部件冷却空气的输送\n    为了冷却涡轮部件，冷却空气取自于发动机内函道(高压)和外函道(低压)。\n    高压空气用来冷却I、Ⅱ级涡轮的导向叶片、工作叶片与涡轮盘。\n    低压空气用来冷却Ⅲ、IV、V、VI级涡轮盘，所有导向器外环和高低压涡轮的滚子轴承支点部件。\n向空气涡轮ППО输气\n    来自高压压气机第XI级的压缩空气，沿着导管经调节风门和应急关闭ППО风门，进入空气涡轮ППО。\n向油泵调节器的最大压力限制器、起动与加速性自动装置供气\n    来自高压压气机第XI级的压缩空气，经过空气滤，沿两条导管输向起动自动装置、加速性自动装置与最大压力限制器。\n向排油系统供气\n    向前、后排油箱供给的空气均来自发动机的外函道。\n    排油箱中的燃油，被带压力的空气挤出，经导管流入通风管，导入收口中排出。\n向发动机防冰系统供气\n    在发动机低压压气机进气叶片(26片)、整流罩和温度传感器ТД-30К结冰的情况下，分别由高压压气机第VI级或第XI级向该处供给加温的空气，加温压缩空气的供给，根据发动机的工作状态是自动转换的。\n    发动机防冰系统包括：自第X级的输气管、自第VI级的输气管、配气风门、电动风门、导管和结冰信号器ДО-206 (2批)。\n    配气风门可以自动地将由高压压气机XI级的输气管供气转为由VI级的输气管供气，在高压压气机的转速超过8700r/min±150r/min,由高压压气机VI级供气，低于此转速由第XI级供气。\n    打开电动风门与热空气输向绝热的集气室，是由风门的电动机构ЭПВ-150MT进行的，当出现“结冰”信号时，手动接通电动风门，结冰信号由信号器ДО-206 (2批)发出，经自动装置БA-137(3批)传送。\n    热空气被送入集气室之后，由集气室经进气导向叶片内腔，将叶片加热，然后进入整流罩，加热整流罩外壳后，排入到发动机进气气流中。\n向飞机各用气部位供气\n    飞机机舱的空气调节和飞机机翼防冰系统所需的空气，由发动机高压压气机第XI级，经过设在发动机上部的套筒供给。\n    冷却系统所需的空气，由发动机外函道，经过设在发动机上部的短管供给。\n    向进气道防冰系统供气的空气来自高压压气机的VI和XI级，同时也向发动机防冰系统供气。'}|{'title': '2.8.2', 'text': '故障现象： 在发电机断开的时候转速超过 6000r/min。 \n原因1： ППО 风门不密封。 \n排除方法1： 更换节流风门为新品。 \n原因2： ППО 风门和壳体卡住，运转不灵。 \n排除方法2： 更换节流风门为新品。 \n原因3： 风门轴承卡住。 \n排除方法3： 更换节流风门为新品。'}",success
6,燃滑油散热器的燃油滤需要检查哪些信号器？,根据提供的知识上下文，无法回答燃滑油散热器的燃油滤需要检查哪些信号器的问题。,20,10,"(滑油进口油温 , keyword_of, 滑油系统综合监控区 以燃滑油散热器为核心，关联滑油箱、压力、温度、消耗量及多种传感器，构成完整的滑油系统状态监控网络。 [members: 滑油箱, 燃滑油散热器4845T, 压力范围: 0.1764～0.2058 MPa, 燃油消耗量 GT, 滑油压力, 滑油消耗量, 滑油进口油温, 传感器ИДТ-8, П-63, 杠杆浮子式滑油量传感器MЭC-2247ДT的ДTПP, 滑油进口处油温, 油箱内滑油量]) [score: 0.643]|(滑油有金属屑信号灯亮 , 起因于, 去空气分离器的油滤—信号器的导线故障 ) [score: 0.701]|([Unknown Node: 检查油泵调节器上油门开关摇臂的标记，标记应在慢车转速区中间刻线，调整油泵调节器起动自动装置调整头，减少起动供油] , 执行操作, [Unknown Node: 检查油门开关摇臂标记] ) [score: 0.557]|(燃滑油散热器4845T [schema_type: 部件], has_attribute, 包含组件: 油滤 ) [score: 0.753]|(打开放油开关，完全放出散热器内滑油 , kw_filter_by, 最大转速限制装置 ) [score: 0.650]","{'title': '2.1.19', 'text': '故障现象： 在 HP-30KП, ДПО-30KП, ТД-30K 附件中精细油滤有金属屑。\n原因： 燃油系统的某个附件内部磨损，出现金属屑。\n排除方法： 更换所有的燃油系统附件 ( HP-30KП , ИМТ-3 , ДПО-30KП , ЦР-1-30K , ТД-30K, PHA-30K, ЦHA-30K, РППО-30KП)。'}|{'title': '排油系统', 'text': ' 发动机排油系统用来由发动机下列附件的主传动轴密封处排出燃油：ДПО-30КП、ЦP-1-30K、ДЦH44C-П3T、НР-30КП、РППО-30КП、飞机液压泵YZB-26B。\n    进入排油箱的燃油，经过装在盖上的接嘴，被由发动机外函道引入油箱的空气压出，沿着油雾分离器以后的导管，排入发动机尾喷管上部的喷口中。\n    排油系统(图7)包括前、后排油箱和连接各附件内腔与排油箱的导管\n\n    前排油箱装在发动机下部前传动机匣上，前排油箱由壳体、底部和盖组成，用薄铁板冲压制成，焊接在一起\n    在排油箱的壳体上，焊有接嘴衬套和环形接头座，以便安装导管，将油箱内的油\n引出，另外在排油箱壳体上，还焊有三个接耳，以便将油箱固定在前传动机匣上，排油箱漆成黄色，\n    后排油箱用来收集来自收集器燃油，它固定在发动机后支点的法兰上，由两个支臂实现这种固定，在构造上后排油箱和前排油箱是一样的。'}|{'title': '2.3.4', 'text': '故障现象： 发动机在地面工作，“滑油有金属屑” 信号灯亮。\n 原因1： 空气分离器 ЦBC-30 的油滤—信号器触发。 \n原因2： 去空气分离器的油滤—信号器的导线故障。 \n排除方法：拆下油滤—信号器上的信号塞，若灯灭，说明信号由信号塞送出。\n检查信号塞是否有金属屑存在。\n\n拆下与检查油滤 MФC-30，若有金属屑存在于滤网或信号器上，则清洗，并用金属屑的性质判断其来源。\n用手转动发动机转子，检查高压压气机球轴承和后支点回油泵油滤（3个）。\n若转子转动正常，则更换发动机内滑油，并进行冷运转。测量转子惯性时间，注意发动机运转中有无 “怪音”，运转之后，必要时清洗发动机所有油滤。若转子惯性时间，符合要求（从 n2=1000r/min 开始，低压不少于 80s，高压不少于 60s），并无怪音，起动发动机，慢车工作 5min，注意发动机的振动水平、滑油温度和压力、涡轮后燃气温度，若上述数据中有一个不合要求，发动机应立即停车。\n停车时将再次测量转子惯性时间，监听有无怪音，检查所有滑油滤。\n若仍有金属屑，则发动机要从飞机上拆下。若没有金属屑，则发动机按日常维护项目第六项进行试车。特别注意振动过载、滑油温度、压力、燃气温度。检查所有滑油滤应是清洁的。'}",success
7,发动机进气导向器的叶片检查通常与哪个部件的第一级叶片一起进行？,无法回答。提供的知识上下文中没有关于发动机进气导向器叶片检查的信息。,20,10,"(导向器叶片安装角 [schema_type: 参数指标], has_attribute, 详细描述: 检查回路及继电器，排除搭铁 ) [score: 0.594]|(高压压气机进气导向叶片调节系统 [schema_type: 系统], 包含, 导向器叶片传动部分 [schema_type: 部件]) [score: 0.709]|([Unknown Node: 随机仪表] , kw_filter_by, [Unknown Node: 随机仪表] ) [score: 0.361]|(导向器叶片传动部分 [schema_type: 部件], member_of, 导向叶片调节系统 以导向器调节器PHA-30K为核心，与离心调节器、作动筒等协同，构成高压压气机进气导向叶片的完整调节与控制链路。 [members: 进气导向器调节器, 离心调节器LIP-1-30K, 导向器调节器PHA-30K, 导向器作动筒ЦНА-30К, 恒速传动调节器РППО-30КП, 高压压气机进气导向叶片调节系统, 导向器叶片传动部分, 导向器调节器PHA-30K分油活门位移, 控制导向器作动筒ЦНА-30К]) [score: 0.624]|(导向器叶片传动部分 [schema_type: 部件], member_of, 导向叶片调节系统 以导向器调节器PHA-30K为核心，与离心调节器、作动筒等协同，构成高压压气机进气导向叶片的完整调节与控制链路。 [members: 进气导向器调节器, 离心调节器LIP-1-30K, 导向器调节器PHA-30K, 导向器作动筒ЦНА-30К, 恒速传动调节器РППО-30КП, 高压压气机进气导向叶片调节系统, 导向器叶片传动部分, 导向器调节器PHA-30K分油活门位移, 控制导向器作动筒ЦНА-30К]) [score: 0.663]","{'title': '2.4.9', 'text': '故障现象： 开车后转速悬挂在低于慢车转速，燃油压力不上升，燃气温度上升。\n 原因1： 空气活门不密封，或向自动起动装置供气的导管不密封（НР-30КП 上）。\n 排除方法1： 检查空气活门和前述供气导管密封性，排除发现的故障。 \n原因2： 油泵调节器起动自动装置调整不当。 \n排除方法2： 重新调整自动起动装置。'}|{'title': '润滑与通风系统', 'text': '润滑与通风系统，用来保证向发动机各磨擦表面不间断的供应滑油以减少摩擦力，同时将热量带走。通风系统还能使各发动机内腔滑油保持一定的剩余压力，以改善滑油\n泵的加压级和回油级的工作能力。\n    润滑与通风系统包含了下列主要附件：滑油箱、燃滑油散热器4845T、主\n滑油泵OMH-30、回油泵MHO-1、回油泵MHO-30K、带金属屑油滤—信号器的空气分离器ЦВС-30、油雾分离器ЦC-30K、滑油滤МФС-30和放油开关636700A。\n    润滑系统是一个封闭的系统，通过油箱自动的完成滑油的循环。在发动机工作时，滑油自油箱进入主滑油泵OMH-30的加压级，经单向活门，至油滤МФС-30。经过油滤后滑油分五路供油：\n    沿内部导管与处于进气导向器叶片内油路，滑油去润滑低压压气机转子的滚子轴承，并沿内部导管去润滑高低压涡轮轴的轴间轴承；\n    沿前传动机匣和分隔机匣的内部油路，滑油去润滑前传动机匣和中央传动机匣的\n齿轮与轴承，润滑低压压气机转子的球轴承，高压压气机转子的滚子轴承和锥齿轮的轴承；\n    沿内部导管滑油进入轴罩壳去润滑高压压气机转子的球轴承和高压涡轮转子的滚子轴承；\n    沿内部导管，滑油进入低压涡轮后支点，去润滑低压涡轮转子的滚子轴承；\n    沿内部导管，滑油去润滑后传动机匣的轴承与齿轮。'}|{'title': '电气控制系统', 'text': '电气控制系统是发动机的一个重要组成部分，是衡量发动机及飞机性能优劣及先进性的重要标志之一：\n    电气系统由电气附件、各种连结导线的外套硬、软套管、与电气有关的各种管卡、电缆压板卡、电缆扎紧带、支架和接地线等组成。\n    电气系统的传感器有温度、压力、压差、振动、转速、位移、油量、油滤、密度、防冰等多种类型。\n    在发动机的顶部，有集线管总插座，用于和飞机接口。而下面的导线管路像神经一样遍布于发动机的全身，监测发动机各处的工作状况，并通过这些管路“神经”送入飞机的终端EICAS显示器。\n    发动机电气系统从功能上分，主要包括起动系统、温度调节系统、防冰系统、恒速传动系统、参数测量与信号系统五部分组成。其作用在于通过检测发动机各工作状态的参数控制执行部件动作，保证发动机正常工作。'}",success
8,哪两个部件分别传动了发电机？,空气涡轮ППО和ППО的备用传动装置分别传动了发电机。,20,10,"(ППО驱动发电机功率(小转速和近地飞行) , keyword_of, ППО-发电机功率谱系 该社区聚焦于ППО驱动发电机在不同运行工况下的功率参数，包括长期使用、短期峰值、瞬间负载以及特定飞行状态下的功率表现，构成完整的功率特性分析集合。 [members: ППО驱动发电机功率(长期使用), ППО驱动发电机功率(5min使用), ППО驱动发电机功率(5s瞬间), ППО驱动发电机功率(小转速和近地飞行), ППО驱动发电机功率(小转速高空飞行)]) [score: 0.604]|([Unknown Node: 随机仪表] , has_attribute, [Unknown Node: 功能: 确定发动机在地面或空中工作是否正常] ) [score: 0.446]|(ЦP-1-30K [schema_type: 部件], member_of, 恒速传动与液压附件群 以恒速传动调节器РППО-30КП为核心，包含发电机、液压泵及燃油系统相关附件，构成主传动轴密封与能量转换的关键组件集合。 [members: 恒速传动调节器РППО-30KII, 交流发电机ГТ60ПЧ6А, ДПО-30КП, ЦP-1-30K, ДЦH44C-П3T, НР-30КП, РППО-30КП, 飞机液压泵YZB-26B, 排出燃油, 来自ДПО-30КП等附件主传动轴密封处]) [score: 0.614]|(ДПО-30КП [schema_type: 部件], member_of, 恒速传动与液压附件群 以恒速传动调节器РППО-30КП为核心，包含发电机、液压泵及燃油系统相关附件，构成主传动轴密封与能量转换的关键组件集合。 [members: 恒速传动调节器РППО-30KII, 交流发电机ГТ60ПЧ6А, ДПО-30КП, ЦP-1-30K, ДЦH44C-П3T, НР-30КП, РППО-30КП, 飞机液压泵YZB-26B, 排出燃油, 来自ДПО-30КП等附件主传动轴密封处]) [score: 0.597]|(ДПО-30КП [schema_type: 部件], member_of, 恒速传动与液压附件群 以恒速传动调节器РППО-30КП为核心，包含发电机、液压泵及燃油系统相关附件，构成主传动轴密封与能量转换的关键组件集合。 [members: 恒速传动调节器РППО-30KII, 交流发电机ГТ60ПЧ6А, ДПО-30КП, ЦP-1-30K, ДЦH44C-П3T, НР-30КП, РППО-30КП, 飞机液压泵YZB-26B, 排出燃油, 来自ДПО-30КП等附件主传动轴密封处]) [score: 0.620]","{'title': '排油系统', 'text': ' 发动机排油系统用来由发动机下列附件的主传动轴密封处排出燃油：ДПО-30КП、ЦP-1-30K、ДЦH44C-П3T、НР-30КП、РППО-30КП、飞机液压泵YZB-26B。\n    进入排油箱的燃油，经过装在盖上的接嘴，被由发动机外函道引入油箱的空气压出，沿着油雾分离器以后的导管，排入发动机尾喷管上部的喷口中。\n    排油系统(图7)包括前、后排油箱和连接各附件内腔与排油箱的导管\n\n    前排油箱装在发动机下部前传动机匣上，前排油箱由壳体、底部和盖组成，用薄铁板冲压制成，焊接在一起\n    在排油箱的壳体上，焊有接嘴衬套和环形接头座，以便安装导管，将油箱内的油\n引出，另外在排油箱壳体上，还焊有三个接耳，以便将油箱固定在前传动机匣上，排油箱漆成黄色，\n    后排油箱用来收集来自收集器燃油，它固定在发动机后支点的法兰上，由两个支臂实现这种固定，在构造上后排油箱和前排油箱是一样的。'}|{'title': '发动机点火系统', 'text': ' 点火系统的作用是点燃油气混合气。\n    此系统由电容式点火附件CKHA-22-2A、半导体电嘴CП-06BП-3和高压引出线组成，高压引出线具有铜线芯和屏蔽层，并有接触装置，高压引出线连接点火附件和电嘴。\n    点火系统将直流低压电源，转换成高压电容放电，点燃混合气。'}|{'title': '2.8.4', 'text': '故障现象： 发电机电压和频率摆动，突升，突降，发电机断电和不工作。 \n原因： БЗУ-376СП, БРЧ-208M7Б, БРЧ-62БМ, БТТ-60П, ППО 风门故障，电动机构 МКЧ-62ТВ 和 РППО-30КП 调节器故障等。 \n排除方法：\n按飞机的使用维护说明书相关内容，排除发现的故障。\n将调节器摇臂和风门摇臂的刻度对准，调节器摇臂刻线处在调节器刻度盘的第 2 刻度上，两摇臂处于同一平面，偏差在 4° 以内，偏差不超过 5°（见图 105）。\n检查电磁活门电插头有无积炭和损伤，排除发现故障。\n检查 МКЧ-62ТВ 电插头的插销 1 和 2, 3 和 4, 是否拆断，有故障更换附件。\n检查关节轴承的灵活性，必要时清洗轴承或更换拉杆接头，检查 ППО 风门转动的灵活性，发现卡滞现象，或转轴局部粘合，则需更换 ППО 风门，或更换调节器 РППО-30КП 为新品。'}",0
9,如果发电机转速偏离额定转速，调节器会执行什么动作？,调节器会执行控制动作以恢复并维持发电机的额定转速。,20,10,"(保持发电机额定转速 , keyword_of, 稳态动力核心 专注于维持发电机额定转速，并通过调节空气流通与进气量来确保系统稳定运行。 [members: 保持发电机额定转速, 使内腔与大气相通, 调节进入ППО的空气量]) [score: 0.643]|(调节进入ППО的空气量 , keyword_of, 稳态动力核心 专注于维持发电机额定转速，并通过调节空气流通与进气量来确保系统稳定运行。 [members: 保持发电机额定转速, 使内腔与大气相通, 调节进入ППО的空气量]) [score: 0.619]|([Unknown Node: 调整进口导向叶片偏转时相应的发动机转速] , member_of, [Unknown Node: 发动机转速调整集群] ) [score: 0.521]|([Unknown Node: 调整进口导向叶片偏转时相应的发动机转速] , kw_filter_by, [Unknown Node: 调整进口导向叶片偏转时相应的发动机转速] ) [score: 0.516]|([Unknown Node: 调整进口导向叶片偏转时相应的发动机转速] , member_of, [Unknown Node: 发动机参数调整群] ) [score: 0.522]","{'title': '2.1.10', 'text': '故障现象： 在自动工作转速开始后 (86.5±0.5%, 9440±50r/min) 转速不上升。\n原因： 温度执行机构 ИМТ-3 回油活门不密封。\n排除方法： 更换温度执行机构 ИМТ-3。'}|{'title': '2.8.4', 'text': '故障现象： 发电机电压和频率摆动，突升，突降，发电机断电和不工作。 \n原因： БЗУ-376СП, БРЧ-208M7Б, БРЧ-62БМ, БТТ-60П, ППО 风门故障，电动机构 МКЧ-62ТВ 和 РППО-30КП 调节器故障等。 \n排除方法：\n按飞机的使用维护说明书相关内容，排除发现的故障。\n将调节器摇臂和风门摇臂的刻度对准，调节器摇臂刻线处在调节器刻度盘的第 2 刻度上，两摇臂处于同一平面，偏差在 4° 以内，偏差不超过 5°（见图 105）。\n检查电磁活门电插头有无积炭和损伤，排除发现故障。\n检查 МКЧ-62ТВ 电插头的插销 1 和 2, 3 和 4, 是否拆断，有故障更换附件。\n检查关节轴承的灵活性，必要时清洗轴承或更换拉杆接头，检查 ППО 风门转动的灵活性，发现卡滞现象，或转轴局部粘合，则需更换 ППО 风门，或更换调节器 РППО-30КП 为新品。'}|{'title': '起动系统', 'text': '发动机正常起动过程分三个阶段；\n    第一阶段，空气起动机带动高压压气机与高压涡轮转子转动，到可以保证燃油在燃烧室稳定燃烧的转速。当高压压气机转速(n2)达到20.2%(2200r/min)时，火焰筒内喷油点火，涡轮开始工作。\n    第二阶段，空气起动机带动高压压气机和高压涡轮转子，n2转速达到43+1 -2%(4700+100-200r/min)时，在此转速由油泵调节器上的液压开关关断空气起动机。\n    第三阶段，压气机转子由涡轮带动，直到进入慢车转速，即n2转速达到58.5%~61.5%(6600+100-200r/min)。\n    发动机从起动到进入慢车转速，正常的时间是(35～80)s, 起动过程中，空气起动机的操纵，\n    点火系统的操纵，均由起动箱AПД-55中的时间程序装置保证。此外，空气起动机还可由油泵调节器上的液压开关，按照规定的转速范围和自身的离心开关两者传出的信号而关断。'}",0
10,为什么需要防止ППО在发动机低于慢车转速时被接通？,需要防止ППО在发动机低于慢车转速时被接通，主要是因为此时发动机高压压气机转速低、供气能力弱。如果强行接通ППО（其引气来自高压压气机），会导致从发动机核心机过度引气，破坏压气机的气动稳定性，极易引发高压压气机喘振或发动机失速，造成发动机熄火或损坏等严重后果。,20,10,"([Unknown Node: 在发电机断开的时候转速超过 6000r/min] , 起因于, [Unknown Node: ППО 风门不密封] ) [score: 0.445]|([Unknown Node: 发动机起动进入慢车转速的时间少于 35s] , kw_filter_by, [Unknown Node: 发动机起动进入慢车转速的时间少于 35s] ) [score: 0.535]|([Unknown Node: 发动机起动进入慢车转速的时间少于 35s] , 起因于, [Unknown Node: HP-30K П 调整不正确] ) [score: 0.581]|([Unknown Node: ППО 风门不密封] , member_of, [Unknown Node: 风门与应急系统故障集] ) [score: 0.467]|([Unknown Node: 调整低压压气机转速限制装置] , has_attribute, [Unknown Node: 操作类型: 调整] ) [score: 0.544]","{'title': '2.1.3', 'text': '故障现象：在起动时或在飞行中，发动机在慢车转速推不上去。\n原因1：HP-30 K II 的油门操纵摇臂或座舱内发动机操纵摇臂位置不正确。\n排除方法1：检查座舱油门操纵手柄和摇臂位置以及 HP-30 K II 节流活门摇臂的位置。当座舱内油门手柄处于慢车位置时，节流活门摇臂应处于附件慢车区域中间刻线，若不如此，应调整油门的操纵系统。\n原因2：HP-30 K II 自动起动装置高度调节器不正常。\n排除方法2：调整高度调节器的起始工作高度。'}|{'title': '2.4.9', 'text': '故障现象： 开车后转速悬挂在低于慢车转速，燃油压力不上升，燃气温度上升。\n 原因1： 空气活门不密封，或向自动起动装置供气的导管不密封（НР-30КП 上）。\n 排除方法1： 检查空气活门和前述供气导管密封性，排除发现的故障。 \n原因2： 油泵调节器起动自动装置调整不当。 \n排除方法2： 重新调整自动起动装置。'}|{'title': '起动系统', 'text': ' 发动机在地面正常起动，首先要接通为起动系统附件供电的保险开关(AПД-55的电源开关、起动开关和点火开关)。将起动种类选择开关置于“起动位置”,假若空气起动机前的空气压力未超过0.5488MPa,按下地面“发动机起动”按钮，这时“起动箱已工作”信号灯亮，起动箱按给定的程序给出信号打开附加风门和空气起动机的风门。\n    空气起动机带动高压压气机和高压涡轮转子转动，经过29s以后，起动箱程序送出信号，关断点火电路，当高压压气机转子n2达到43+1-2%(4700+100 -200r/min)时，由起动箱程序或由油泵调节器液压开关给出信号，关断空气起动机，这时起动时间已达到56s±4s。假若起动箱的程序信号和油泵调节器液压开关信号尚不能切断空气起动机的工作，当高压压气机转速(n2)达到46+3%(5000+330r/min)时，由自身的离心开关，使空气起动机脱离工作。\n    起动过程的详细情况：当按下发动机的“地面起动”按钮，电流由自动保险开关“起动”,通过插座2Щ和6Щ的接线端进入起动箱。\n    2Щ1电流流向：→继电器P1的触点2—1,→程序机构凸轮“A”所控制的微动开关触点，→继电器P2的线圈，→起动箱的输出端3Щ2,→Г插座的16接线端，→闭合的油泵调节器液压开关触点，“T”插座3接线端到发动机壳体。继电器P2工作以后，自行接通下列电路：\n    2-3触点闭合联锁，接通电路；由机上电网“正极”, →经自动保险开关“起动”,→闭合的“停止起动”按钮，→起动箱接线柱8Щ1,→继电器P2的2—3触点，→程序机构“A”的触点，→继电器的P2的线圈。此时即使放开了“地面起动”按钮，继电器P2仍然接通；\n    5—6触点闭合，电网“正极”,进入继电器P4的线圈。电流的回路：→“起动”自动开关，→起动种类选择开关的“起动”位，→起动箱6Щ1接线柱，→微动开关“B”,→继电器P4→起动箱1Щ1接线柱至飞机地。继电器P4工作后，1—2触点接通，保证27V电压去点火系统，电流回路是：机上电网正极，→“点火”自动开关，→接线柱11Щ1,→继电器P4的接触点1—2,→起动箱接线柱4Щ2,→接线柱22ЩP“Г”,→点火器附件，→23ЩP“Г”,至飞机地。此时点火系统进入工作，向位于第二和第十\n一火焰筒的电嘴供给点火电压；\n    8—9触点闭合，使附加风门电磁铁接通，这时电流回路；由“AПД-55供电”自动开关，→起动箱接线柱4Щ1,→继电器P2的触点8—9,→起动箱接线柱1ЩI2,→“Г”的接线柱47ЩP,→附加风门电磁铁，→“Г”的接线柱46ЩP,→起动机危险转速联锁继电器1-2触点，→飞机地。当电磁铁通电时，它的衔铁推动顶杆，在起动机空气恒压风门开启时，限制附加风门衬筒的移动；\n    14—15触点闭合，接通空气起动机恒压风门电磁铁，这时电流回路是：由“AПД-55供电”自动开关，→自动起动箱接线柱4Щ1,→继电器P2的14-15触点，→起动箱接线柱2Щ2,→“Г”的接线柱25ЩP,→起动机风门电磁铁2—1接线柱，→“Г”接线柱46ЩP,→起动机危险起动转速联锁继电器1-2触点，至飞机地。在风门电磁铁工作后，打开起动机风门，压缩空气进入起动机涡轮，起动机转动，经过减速器，带动高压压气机和高压涡轮转子转动；\n    17—18触点闭合，电流回路是：由“AПД-55供电”自动开关，→起动箱接线柱4Щ1,→继电器P3的触点2—1,→继电器P2的触点17—18,→二极管刀1和刀2,→继电器P1的线圈，→到飞机地。继电器P1工作的同时，→接线柱10Щ1,接通“起动箱工作”绿色信号灯，继电器P1断开2—1触点，断开地面起动电路，这样就避免了在开车循环结束前重复的有信号供给。同时继电器P1用自身的触点5—6,接通恢复加速程序机构的电磁铁，而触点8—9则接通起动箱程序机构的电动机，程序机构开始工作，\n按照设计的起动程序自动的控制时间的循环。'}",0
11,在飞行前机务准备中，如何检查发动机的进气道工作？,根据提供的知识上下文，无法回答关于“在飞行前机务准备中，如何检查发动机的进气道工作”的问题。,20,10,"(检查向P*_K限制机构供气的管路密封性，用汽油或煤油清洗空气滤 , has_attribute, 操作类型: 检查、清洗 ) [score: 0.577]|([Unknown Node: 检查飞机蓄电池工作情况] , kw_filter_by, [Unknown Node: 检查飞机蓄电池工作情况] ) [score: 0.499]|([Unknown Node: 起动系统] , 包含, [Unknown Node: 插座“Щ3”] ) [score: 0.427]|(发电机、空气涡轮ППО、ППО的备用传动装置、高压压气机转速传感器等的空气挡油装置或用气部位 [schema_type: 部件], has_attribute, 流经路径: 导管和后传动机匣上的孔、分隔机匣上的空气收集器 ) [score: 0.547]|([Unknown Node: 起动系统] , 涉及参数, [Unknown Node: 起动机前的压缩空气压力] ) [score: 0.503]","{'title': '排油系统', 'text': ' 发动机排油系统用来由发动机下列附件的主传动轴密封处排出燃油：ДПО-30КП、ЦP-1-30K、ДЦH44C-П3T、НР-30КП、РППО-30КП、飞机液压泵YZB-26B。\n    进入排油箱的燃油，经过装在盖上的接嘴，被由发动机外函道引入油箱的空气压出，沿着油雾分离器以后的导管，排入发动机尾喷管上部的喷口中。\n    排油系统(图7)包括前、后排油箱和连接各附件内腔与排油箱的导管\n\n    前排油箱装在发动机下部前传动机匣上，前排油箱由壳体、底部和盖组成，用薄铁板冲压制成，焊接在一起\n    在排油箱的壳体上，焊有接嘴衬套和环形接头座，以便安装导管，将油箱内的油\n引出，另外在排油箱壳体上，还焊有三个接耳，以便将油箱固定在前传动机匣上，排油箱漆成黄色，\n    后排油箱用来收集来自收集器燃油，它固定在发动机后支点的法兰上，由两个支臂实现这种固定，在构造上后排油箱和前排油箱是一样的。'}|{'title': '2.3.3', 'text': '故障现象： 油箱内滑油量增多。\n 原因： 滑油系统进入了煤油。 \n排除方法： 检查燃滑油散热器，工序是： (1) 打开放油开关，完全放出散热器内滑油，滑油开关保持打开。 (2) 接通飞机加压泵 10min，查看散热器是否有煤油流出，若煤油不流出，则散热器不漏油，若漏油则更换散热器。 (3) 检查附件 РППО-30КП, НР-30КП, ДЦН44С-П3Т, ДПО-30КП 和 ЦР-1-30K 传动轴的密封。将滑油送化验室分析，若滑油的闪点低于 85℃，将发动机从飞机上拆下，若滑油闪点等于或高于 85℃，发动机可以继续使用，但要排除煤油漏入滑油故障，并更换滑油箱与系统内滑油。'}|{'title': '防喘调节系统', 'text': '高压压气机进气导向器调节系统\n    进气导向器调节系统由可调叶片、导向器调节器PHA-30K、导向器作动筒ЦНА-30К和导向器叶片传动部分等组成。\n放气活门操纵系统\n    发动机高压压气机中间级放气，是采用六个放气活门放气，分别安装在第V、第VI级上，每级上有三个放气活门，在V级和VI级的外环上有一圈放气孔，放气活门开关\n由自动调节器即换算转速传感器ДПО-30КП,进行自动调节。\n    发动机的放气活门关闭时，所对应的高压转子转速，在标准大气条件下，飞行速度为零和均匀推“油门操纵”手柄时为79%±1.5%(8600r/min±150r/min);在同样条件下，均匀收“油门操纵”手柄，放气活门打开的转速为79-1.5 -2.5%(8600-150 -250r/min)。在同样条件下，快推或快收“油门操纵”手柄时，放气活门关闭和打开转速，分别为≮83%(9050r/min)与≯73%(8000r/min)。'}",success
12,当发动机转速小于慢车转速时，压差信号器膜片处于什么状态？,当发动机转速小于慢车转速时，压差信号器XCI-1.2膜盒的触点处于脱开（断开）状态。,20,10,"([Unknown Node: 燃油消耗量 GT] , has_attribute, [Unknown Node: 参数类型: 燃油流量] ) [score: 0.373]|(开车后转速悬挂在低于慢车转速 , 起因于, 检查燃滑油散热器 ) [score: 0.657]|(发动机进入慢车转速小于35s或大于80s , has_attribute, 状态: 进入慢车时间异常 ) [score: 0.638]|(发动机结冰信号灯亮 , has_attribute, 位置: 慢车转速以下 ) [score: 0.653]|([Unknown Node: 放气活门操纵系统] , 涉及参数, [Unknown Node: 放气活门关闭转速（快推/收油门）] ) [score: 0.467]","{'title': '2.2.5', 'text': '故障现象： 接通 ВПРТ-44 系统后，转速悬挂在自动工作开始转速上，断开 ВПРТ-44 系统，发动机工作正常。\n 原因： 温度调节器失灵。\n 排除方法： 更换温度调节器。'}|{'title': '2.1.8', 'text': '故障现象：发动机起动进入慢车转速的时间少于 35s，慢车转速状态的转速不符合规定。\n原因： HP-30K П 调整不正确。\n排除方法： 重新调整慢车转速。'}|{'title': '2.4.14', 'text': '故障现象： 发动机进入慢车转速小于 35s 或大于 80s。\n 原因1： 起动过程性能调整不当。\n 排除方法1： 重新调整发动机。\n 原因2： 去自动起动装置的空气滤堵塞。 \n排除方法2： 将自动起动装置的气滤拆下清洗。\n 原因3： 去自动起动装置的空气管漏气。\n 排除方法3： 检查漏气部位排除漏气。'}",success
13,发动机第一个50小时工作后需要进行哪些特定的定期维护？,根据提供的知识上下文，无法回答发动机第一个50小时工作后需要进行哪些特定的定期维护。,20,10,"([Unknown Node: 涡轮后温度] , represented_by, [Unknown Node: 涡轮后温度] ) [score: 0.368]|(Д-30КП-2А发动机 [schema_type: 系统], 包含, P*_K限制机构 [schema_type: 系统]) [score: 0.652]|([Unknown Node: 涡轮后温度] , member_of, [Unknown Node: 涡轮温度卫士] ) [score: 0.382]|([Unknown Node: 起动系统] , has_attribute, [Unknown Node: 详细描述: 负责发动机的起动过程] ) [score: 0.473]|(Д-30КП-2А发动机 [schema_type: 系统], 包含, 涡轮后燃气温度限制调节系统 [schema_type: 系统]) [score: 0.698]","{'title': '排油系统', 'text': ' 发动机排油系统用来由发动机下列附件的主传动轴密封处排出燃油：ДПО-30КП、ЦP-1-30K、ДЦH44C-П3T、НР-30КП、РППО-30КП、飞机液压泵YZB-26B。\n    进入排油箱的燃油，经过装在盖上的接嘴，被由发动机外函道引入油箱的空气压出，沿着油雾分离器以后的导管，排入发动机尾喷管上部的喷口中。\n    排油系统(图7)包括前、后排油箱和连接各附件内腔与排油箱的导管\n\n    前排油箱装在发动机下部前传动机匣上，前排油箱由壳体、底部和盖组成，用薄铁板冲压制成，焊接在一起\n    在排油箱的壳体上，焊有接嘴衬套和环形接头座，以便安装导管，将油箱内的油\n引出，另外在排油箱壳体上，还焊有三个接耳，以便将油箱固定在前传动机匣上，排油箱漆成黄色，\n    后排油箱用来收集来自收集器燃油，它固定在发动机后支点的法兰上，由两个支臂实现这种固定，在构造上后排油箱和前排油箱是一样的。'}|{'title': '2.1.1', 'text': '故障现象：空气起动机断开时的高压转子转速高于或低于41～44%(4700+100 -200转/分),起动机 工作时间小于56±4秒。\n原因：HP-30 K II 的起动机断开转速调整不当。\n排除方法：重新调整起动机断开转速（18号螺钉）(见调整、试验章节)'}|{'title': '2.1.7', 'text': '起动过程中，发动机由n2=27.5%(3000 转/分)到慢车转速状态，涡轮后温度过 高\n故障现象： 起动过程结束后，发动机由 n2=27.5% (3000r/min) 到慢车转速状态，涡轮后温度过高。\n原因： 自动起动装置调整不当，起动时供油太多。\n排除方法： 调整 HP-30K П 的起动供油部分，减少起动的燃油供给。'}",success
14,检查尾喷口时，还需要同时检查哪个涡轮的叶片？,无法回答。提供的知识上下文中没有关于检查尾喷口时需要同时检查哪个涡轮叶片的信息。,20,10,"([Unknown Node: 确定发动机工作是否正常] , kw_filter_by, [Unknown Node: 确定发动机工作是否正常] ) [score: 0.480]|(进口导向叶片处于-33° 和 0° 时相应的发动机转速，不符合图 103 的要求 [schema_type: 故障现象], has_attribute, 角度条件: -33° 和 0° ) [score: 0.564]|(涡轮后燃气温度受控 , member_of, 发动机灭火与温度控制组 以外部发动机灭火操作为中心，关联油泵调节、涡轮后燃气温度监控及油门位置，涉及发动机安全关车与温度管理。 [members: 从外部为发动机灭火, 油泵调节器减少供油, 涡轮后燃气温度受控, 油门位置, 涡轮后的燃气温度 t*T 变化]) [score: 0.531]|(油泵调节器减少供油 [schema_type: 维护操作], 导致, 涡轮后燃气温度受控 ) [score: 0.565]|(涡轮后燃气温度受控 , member_of, 发动机灭火与温度控制组 以外部发动机灭火操作为中心，关联油泵调节、涡轮后燃气温度监控及油门位置，涉及发动机安全关车与温度管理。 [members: 从外部为发动机灭火, 油泵调节器减少供油, 涡轮后燃气温度受控, 油门位置, 涡轮后的燃气温度 t*T 变化]) [score: 0.555]","{'title': '排油系统', 'text': ' 发动机排油系统用来由发动机下列附件的主传动轴密封处排出燃油：ДПО-30КП、ЦP-1-30K、ДЦH44C-П3T、НР-30КП、РППО-30КП、飞机液压泵YZB-26B。\n    进入排油箱的燃油，经过装在盖上的接嘴，被由发动机外函道引入油箱的空气压出，沿着油雾分离器以后的导管，排入发动机尾喷管上部的喷口中。\n    排油系统(图7)包括前、后排油箱和连接各附件内腔与排油箱的导管\n\n    前排油箱装在发动机下部前传动机匣上，前排油箱由壳体、底部和盖组成，用薄铁板冲压制成，焊接在一起\n    在排油箱的壳体上，焊有接嘴衬套和环形接头座，以便安装导管，将油箱内的油\n引出，另外在排油箱壳体上，还焊有三个接耳，以便将油箱固定在前传动机匣上，排油箱漆成黄色，\n    后排油箱用来收集来自收集器燃油，它固定在发动机后支点的法兰上，由两个支臂实现这种固定，在构造上后排油箱和前排油箱是一样的。'}|{'title': '防喘调节系统', 'text': '高压压气机进气导向器调节系统\n    进气导向器调节系统由可调叶片、导向器调节器PHA-30K、导向器作动筒ЦНА-30К和导向器叶片传动部分等组成。\n放气活门操纵系统\n    发动机高压压气机中间级放气，是采用六个放气活门放气，分别安装在第V、第VI级上，每级上有三个放气活门，在V级和VI级的外环上有一圈放气孔，放气活门开关\n由自动调节器即换算转速传感器ДПО-30КП,进行自动调节。\n    发动机的放气活门关闭时，所对应的高压转子转速，在标准大气条件下，飞行速度为零和均匀推“油门操纵”手柄时为79%±1.5%(8600r/min±150r/min);在同样条件下，均匀收“油门操纵”手柄，放气活门打开的转速为79-1.5 -2.5%(8600-150 -250r/min)。在同样条件下，快推或快收“油门操纵”手柄时，放气活门关闭和打开转速，分别为≮83%(9050r/min)与≯73%(8000r/min)。'}|{'title': '发动机油门操纵系统', 'text': '发动机油门操纵系统(图8)是用来实现发动机的起动、变换工作状态以及操纵发动机停车工作。\n    发动机的操纵：由座舱内的“油门操纵”手柄，通过飞机上的操纵系统、主动滑轮摇臂将转矩传至主动滑轮，再经过钢索系统将扭矩传至凸轮拨叉组件上的(从动)滑轮，(从动)滑轮通过油门拉杆、凸轮拨叉组件、拉杆组件、停车拉杆等实现发动机油泵调节器“油门”摇臂、“停车”摇臂的协调同步联动。\n    发动机的油门操纵系统是从主动清轮摇臂开始，扭矩通过传动钢索系统、停车联动机构、油门拉杆将扭矩传递到油泵调节器的油门摇臂，控制油门开关的大小；同时通过停车联动机构的凸轮拨叉组件、拉杆组件、直角摇臂组件、停车拉杆将扭矩传递到油泵调节器上的停车摇臂，控制发动机燃油的供应与关闭，用1个手柄同时控制油门开关\n的大小和燃油的供应与关闭。\n发动机油门操纵系统包括：\n●主动滑轮摇臂；\n●传动钢索系统：\n●停车联动机构；\n●油门拉杆；\n●停车拉杆。'}",success
15,МФС-30油滤的清洗安装步骤是怎样的？,根据提供的知识上下文，无法回答关于МФС-30油滤清洗安装步骤的问题。,20,10,"(滑油滤МФС-30 [schema_type: 部件], 属于系统, P*_K限制机构 [schema_type: 系统]) [score: 0.664]|(拆下与检查油滤 MФC-30，若有金属屑存在于滤网或信号器上，则清洗，并用金属屑的性质判断其来源。 , has_attribute, 目标: 油滤 MФC-30 ) [score: 0.708]|(拆下与检查油滤 MФC-30，若有金属屑存在于滤网或信号器上，则清洗，并用金属屑的性质判断其来源。 , 执行操作, 用手转动发动机转子，检查高压压气机球轴承和后支点回油泵油滤（3个）。 ) [score: 0.757]|(若没有金属屑，则发动机按日常维护项目第六项进行试车。特别注意振动过载、滑油温度、压力、燃气温度。检查所有滑油滤应是清洁的。 , has_attribute, 操作类型: 试车 ) [score: 0.713]|(滑油滤МФС-30 [schema_type: 部件], 执行操作, 过滤滑油 [schema_type: 维护操作]) [score: 0.714]","{'title': '排油系统', 'text': ' 发动机排油系统用来由发动机下列附件的主传动轴密封处排出燃油：ДПО-30КП、ЦP-1-30K、ДЦH44C-П3T、НР-30КП、РППО-30КП、飞机液压泵YZB-26B。\n    进入排油箱的燃油，经过装在盖上的接嘴，被由发动机外函道引入油箱的空气压出，沿着油雾分离器以后的导管，排入发动机尾喷管上部的喷口中。\n    排油系统(图7)包括前、后排油箱和连接各附件内腔与排油箱的导管\n\n    前排油箱装在发动机下部前传动机匣上，前排油箱由壳体、底部和盖组成，用薄铁板冲压制成，焊接在一起\n    在排油箱的壳体上，焊有接嘴衬套和环形接头座，以便安装导管，将油箱内的油\n引出，另外在排油箱壳体上，还焊有三个接耳，以便将油箱固定在前传动机匣上，排油箱漆成黄色，\n    后排油箱用来收集来自收集器燃油，它固定在发动机后支点的法兰上，由两个支臂实现这种固定，在构造上后排油箱和前排油箱是一样的。'}|{'title': '2.3.3', 'text': '故障现象： 油箱内滑油量增多。\n 原因： 滑油系统进入了煤油。 \n排除方法： 检查燃滑油散热器，工序是： (1) 打开放油开关，完全放出散热器内滑油，滑油开关保持打开。 (2) 接通飞机加压泵 10min，查看散热器是否有煤油流出，若煤油不流出，则散热器不漏油，若漏油则更换散热器。 (3) 检查附件 РППО-30КП, НР-30КП, ДЦН44С-П3Т, ДПО-30КП 和 ЦР-1-30K 传动轴的密封。将滑油送化验室分析，若滑油的闪点低于 85℃，将发动机从飞机上拆下，若滑油闪点等于或高于 85℃，发动机可以继续使用，但要排除煤油漏入滑油故障，并更换滑油箱与系统内滑油。'}|{'title': '2.4.11', 'text': '故障现象： 开车中喷嘴不喷油。\n 原因： 燃油系统气塞。\n 排除方法： 经 РППО-30КП 和 ТМР、ИМТ-3、ЦНА-30K 放气。'}",success
16,如果发现压气机第一级转子转动不平稳，可能涉及到哪些部件的检查？,根据提供的知识上下文，无法回答该问题。知识中未提及压气机第一级转子转动不平稳的相关信息或可能涉及的检查部件。,20,10,"([Unknown Node: 起动系统] , has_attribute, [Unknown Node: 名称: 起动系统] ) [score: 0.366]|(高压压气机转子轴 [schema_type: 部件], 属于系统, 恒速传动系统 [schema_type: 系统]) [score: 0.621]|(检查关节轴承的灵活性，必要时清洗轴承或更换拉杆接头，检查 ППО 风门转动的灵活性，发现卡滞现象，或转轴局部粘合，则需更换 ППО 风门，或更换调节器 РППО-30КП 为新品 , keyword_of, 发动机转子维护组 专注于发动机转子转动检查、滑油更换、冷运转及油滤清洗，确保运转无异常声响和顺畅性。 [members: 用手转动发动机转子，检查高压压气机球轴承和后支点回油泵油滤（3个）。, 更换发动机内滑油，并进行冷运转。测量转子惯性时间，注意发动机运转中有无 “怪音”，运转之后，必要时清洗发动机所有油滤。, 停车时将再次测量转子惯性时间，监听有无怪音，检查所有滑油滤。, 检查关节轴承的灵活性，必要时清洗轴承或更换拉杆接头，检查 ППО 风门转动的灵活性，发现卡滞现象，或转轴局部粘合，则需更换 ППО 风门，或更换调节器 РППО-30КП 为新品]) [score: 0.668]|([Unknown Node: HP-30 K II 的起动机断开转速调整不当] , member_of, [Unknown Node: HP-30K-II调节故障群] ) [score: 0.526]|([Unknown Node: 起动系统] , has_attribute, [Unknown Node: 属于系统: 电气控制系统] ) [score: 0.397]","{'title': '2.4.4', 'text': '故障现象： 起动开始第 1s，空气起动机关断。 原因1： 起动箱故障。 排除方法1： 将电压表接在 АПД-55 2Ш3 线柱上，若 “正极不通”，则是起动箱故障，排除故障或更换起动箱。 原因2： НР-30КП 上的起动液压开关故障。 排除方法2： 用电压表接在起动箱 1Ш3 线柱上，若 “负极不通”，再检查电路：液压开关，16ШР “Г” 线柱，起动箱 2Ш2 接点，排除发现的故障或更换故障附件。'}|{'title': '起动系统', 'text': ' 发动机在地面正常起动，首先要接通为起动系统附件供电的保险开关(AПД-55的电源开关、起动开关和点火开关)。将起动种类选择开关置于“起动位置”,假若空气起动机前的空气压力未超过0.5488MPa,按下地面“发动机起动”按钮，这时“起动箱已工作”信号灯亮，起动箱按给定的程序给出信号打开附加风门和空气起动机的风门。\n    空气起动机带动高压压气机和高压涡轮转子转动，经过29s以后，起动箱程序送出信号，关断点火电路，当高压压气机转子n2达到43+1-2%(4700+100 -200r/min)时，由起动箱程序或由油泵调节器液压开关给出信号，关断空气起动机，这时起动时间已达到56s±4s。假若起动箱的程序信号和油泵调节器液压开关信号尚不能切断空气起动机的工作，当高压压气机转速(n2)达到46+3%(5000+330r/min)时，由自身的离心开关，使空气起动机脱离工作。\n    起动过程的详细情况：当按下发动机的“地面起动”按钮，电流由自动保险开关“起动”,通过插座2Щ和6Щ的接线端进入起动箱。\n    2Щ1电流流向：→继电器P1的触点2—1,→程序机构凸轮“A”所控制的微动开关触点，→继电器P2的线圈，→起动箱的输出端3Щ2,→Г插座的16接线端，→闭合的油泵调节器液压开关触点，“T”插座3接线端到发动机壳体。继电器P2工作以后，自行接通下列电路：\n    2-3触点闭合联锁，接通电路；由机上电网“正极”, →经自动保险开关“起动”,→闭合的“停止起动”按钮，→起动箱接线柱8Щ1,→继电器P2的2—3触点，→程序机构“A”的触点，→继电器的P2的线圈。此时即使放开了“地面起动”按钮，继电器P2仍然接通；\n    5—6触点闭合，电网“正极”,进入继电器P4的线圈。电流的回路：→“起动”自动开关，→起动种类选择开关的“起动”位，→起动箱6Щ1接线柱，→微动开关“B”,→继电器P4→起动箱1Щ1接线柱至飞机地。继电器P4工作后，1—2触点接通，保证27V电压去点火系统，电流回路是：机上电网正极，→“点火”自动开关，→接线柱11Щ1,→继电器P4的接触点1—2,→起动箱接线柱4Щ2,→接线柱22ЩP“Г”,→点火器附件，→23ЩP“Г”,至飞机地。此时点火系统进入工作，向位于第二和第十\n一火焰筒的电嘴供给点火电压；\n    8—9触点闭合，使附加风门电磁铁接通，这时电流回路；由“AПД-55供电”自动开关，→起动箱接线柱4Щ1,→继电器P2的触点8—9,→起动箱接线柱1ЩI2,→“Г”的接线柱47ЩP,→附加风门电磁铁，→“Г”的接线柱46ЩP,→起动机危险转速联锁继电器1-2触点，→飞机地。当电磁铁通电时，它的衔铁推动顶杆，在起动机空气恒压风门开启时，限制附加风门衬筒的移动；\n    14—15触点闭合，接通空气起动机恒压风门电磁铁，这时电流回路是：由“AПД-55供电”自动开关，→自动起动箱接线柱4Щ1,→继电器P2的14-15触点，→起动箱接线柱2Щ2,→“Г”的接线柱25ЩP,→起动机风门电磁铁2—1接线柱，→“Г”接线柱46ЩP,→起动机危险起动转速联锁继电器1-2触点，至飞机地。在风门电磁铁工作后，打开起动机风门，压缩空气进入起动机涡轮，起动机转动，经过减速器，带动高压压气机和高压涡轮转子转动；\n    17—18触点闭合，电流回路是：由“AПД-55供电”自动开关，→起动箱接线柱4Щ1,→继电器P3的触点2—1,→继电器P2的触点17—18,→二极管刀1和刀2,→继电器P1的线圈，→到飞机地。继电器P1工作的同时，→接线柱10Щ1,接通“起动箱工作”绿色信号灯，继电器P1断开2—1触点，断开地面起动电路，这样就避免了在开车循环结束前重复的有信号供给。同时继电器P1用自身的触点5—6,接通恢复加速程序机构的电磁铁，而触点8—9则接通起动箱程序机构的电动机，程序机构开始工作，\n按照设计的起动程序自动的控制时间的循环。'}|{'title': '2.8.4', 'text': '故障现象： 发电机电压和频率摆动，突升，突降，发电机断电和不工作。 \n原因： БЗУ-376СП, БРЧ-208M7Б, БРЧ-62БМ, БТТ-60П, ППО 风门故障，电动机构 МКЧ-62ТВ 和 РППО-30КП 调节器故障等。 \n排除方法：\n按飞机的使用维护说明书相关内容，排除发现的故障。\n将调节器摇臂和风门摇臂的刻度对准，调节器摇臂刻线处在调节器刻度盘的第 2 刻度上，两摇臂处于同一平面，偏差在 4° 以内，偏差不超过 5°（见图 105）。\n检查电磁活门电插头有无积炭和损伤，排除发现故障。\n检查 МКЧ-62ТВ 电插头的插销 1 和 2, 3 和 4, 是否拆断，有故障更换附件。\n检查关节轴承的灵活性，必要时清洗轴承或更换拉杆接头，检查 ППО 风门转动的灵活性，发现卡滞现象，或转轴局部粘合，则需更换 ППО 风门，或更换调节器 РППО-30КП 为新品。'}",success
17,再次飞行前检查（1.1.4）主要包含哪些内容？,根据提供的知识上下文，无法回答“再次飞行前检查（1.1.4）主要包含哪些内容？”的问题。因为上下文中没有提及“再次飞行前检查”或编号“1.1.4”的具体内容。,20,10,"(停车时将再次测量转子惯性时间，监听有无怪音，检查所有滑油滤。 , 导致, 若仍有金属屑，则发动机要从飞机上拆下。 [schema_type: 解决方案]) [score: 0.659]|([Unknown Node: 起动系统] , has_attribute, [Unknown Node: 详细描述: 负责发动机的起动过程] ) [score: 0.421]|(飞机的使用维护说明书 [schema_type: 工具设备], member_of, 维护规程与工具组 该社区隐含工具设备，核心依据是飞机的使用维护说明书，内容涵盖故障排除、蓄电池检查等标准维护程序与所需资源。 [members: 工具设备（文中隐含，未具体命名）, 检查飞机蓄电池工作情况, 按飞机的使用维护说明书相关内容，排除发现的故障, 飞机的使用维护说明书]) [score: 0.684]|(若仍有金属屑，则发动机要从飞机上拆下。 [schema_type: 解决方案], member_of, 发动机拆卸与诊断组 专注于飞机发动机的拆卸流程、金属屑故障判断及发动机工作状态的确定。 [members: 将发动机从飞机上拆下, 若仍有金属屑，则发动机要从飞机上拆下。, 确定发动机工作是否正常]) [score: 0.522]|(按飞机的使用维护说明书相关内容，排除发现的故障 [schema_type: 维护操作], member_of, 电路诊断与修复组 专注于飞机电路系统的故障诊断与排除，核心任务是发现并修复断路、断线等电路不通问题，确保电气系统正常工作。 [members: 发现与排除上述折断的导线, 检查上述电路排除折断的部位, 检查飞机蓄电池工作情况, 排除断线, 找出断路部位予以排除, 排除所指示的电路故障, 检查电路排除电路不通, 按飞机的使用维护说明书相关内容，排除发现的故障]) [score: 0.685]","{'title': '2.4.4', 'text': '故障现象： 起动开始第 1s，空气起动机关断。 原因1： 起动箱故障。 排除方法1： 将电压表接在 АПД-55 2Ш3 线柱上，若 “正极不通”，则是起动箱故障，排除故障或更换起动箱。 原因2： НР-30КП 上的起动液压开关故障。 排除方法2： 用电压表接在起动箱 1Ш3 线柱上，若 “负极不通”，再检查电路：液压开关，16ШР “Г” 线柱，起动箱 2Ш2 接点，排除发现的故障或更换故障附件。'}|{'title': '起动系统', 'text': ' 发动机在地面正常起动，首先要接通为起动系统附件供电的保险开关(AПД-55的电源开关、起动开关和点火开关)。将起动种类选择开关置于“起动位置”,假若空气起动机前的空气压力未超过0.5488MPa,按下地面“发动机起动”按钮，这时“起动箱已工作”信号灯亮，起动箱按给定的程序给出信号打开附加风门和空气起动机的风门。\n    空气起动机带动高压压气机和高压涡轮转子转动，经过29s以后，起动箱程序送出信号，关断点火电路，当高压压气机转子n2达到43+1-2%(4700+100 -200r/min)时，由起动箱程序或由油泵调节器液压开关给出信号，关断空气起动机，这时起动时间已达到56s±4s。假若起动箱的程序信号和油泵调节器液压开关信号尚不能切断空气起动机的工作，当高压压气机转速(n2)达到46+3%(5000+330r/min)时，由自身的离心开关，使空气起动机脱离工作。\n    起动过程的详细情况：当按下发动机的“地面起动”按钮，电流由自动保险开关“起动”,通过插座2Щ和6Щ的接线端进入起动箱。\n    2Щ1电流流向：→继电器P1的触点2—1,→程序机构凸轮“A”所控制的微动开关触点，→继电器P2的线圈，→起动箱的输出端3Щ2,→Г插座的16接线端，→闭合的油泵调节器液压开关触点，“T”插座3接线端到发动机壳体。继电器P2工作以后，自行接通下列电路：\n    2-3触点闭合联锁，接通电路；由机上电网“正极”, →经自动保险开关“起动”,→闭合的“停止起动”按钮，→起动箱接线柱8Щ1,→继电器P2的2—3触点，→程序机构“A”的触点，→继电器的P2的线圈。此时即使放开了“地面起动”按钮，继电器P2仍然接通；\n    5—6触点闭合，电网“正极”,进入继电器P4的线圈。电流的回路：→“起动”自动开关，→起动种类选择开关的“起动”位，→起动箱6Щ1接线柱，→微动开关“B”,→继电器P4→起动箱1Щ1接线柱至飞机地。继电器P4工作后，1—2触点接通，保证27V电压去点火系统，电流回路是：机上电网正极，→“点火”自动开关，→接线柱11Щ1,→继电器P4的接触点1—2,→起动箱接线柱4Щ2,→接线柱22ЩP“Г”,→点火器附件，→23ЩP“Г”,至飞机地。此时点火系统进入工作，向位于第二和第十\n一火焰筒的电嘴供给点火电压；\n    8—9触点闭合，使附加风门电磁铁接通，这时电流回路；由“AПД-55供电”自动开关，→起动箱接线柱4Щ1,→继电器P2的触点8—9,→起动箱接线柱1ЩI2,→“Г”的接线柱47ЩP,→附加风门电磁铁，→“Г”的接线柱46ЩP,→起动机危险转速联锁继电器1-2触点，→飞机地。当电磁铁通电时，它的衔铁推动顶杆，在起动机空气恒压风门开启时，限制附加风门衬筒的移动；\n    14—15触点闭合，接通空气起动机恒压风门电磁铁，这时电流回路是：由“AПД-55供电”自动开关，→自动起动箱接线柱4Щ1,→继电器P2的14-15触点，→起动箱接线柱2Щ2,→“Г”的接线柱25ЩP,→起动机风门电磁铁2—1接线柱，→“Г”接线柱46ЩP,→起动机危险起动转速联锁继电器1-2触点，至飞机地。在风门电磁铁工作后，打开起动机风门，压缩空气进入起动机涡轮，起动机转动，经过减速器，带动高压压气机和高压涡轮转子转动；\n    17—18触点闭合，电流回路是：由“AПД-55供电”自动开关，→起动箱接线柱4Щ1,→继电器P3的触点2—1,→继电器P2的触点17—18,→二极管刀1和刀2,→继电器P1的线圈，→到飞机地。继电器P1工作的同时，→接线柱10Щ1,接通“起动箱工作”绿色信号灯，继电器P1断开2—1触点，断开地面起动电路，这样就避免了在开车循环结束前重复的有信号供给。同时继电器P1用自身的触点5—6,接通恢复加速程序机构的电磁铁，而触点8—9则接通起动箱程序机构的电动机，程序机构开始工作，\n按照设计的起动程序自动的控制时间的循环。'}|{'title': '2.8.4', 'text': '故障现象： 发电机电压和频率摆动，突升，突降，发电机断电和不工作。 \n原因： БЗУ-376СП, БРЧ-208M7Б, БРЧ-62БМ, БТТ-60П, ППО 风门故障，电动机构 МКЧ-62ТВ 和 РППО-30КП 调节器故障等。 \n排除方法：\n按飞机的使用维护说明书相关内容，排除发现的故障。\n将调节器摇臂和风门摇臂的刻度对准，调节器摇臂刻线处在调节器刻度盘的第 2 刻度上，两摇臂处于同一平面，偏差在 4° 以内，偏差不超过 5°（见图 105）。\n检查电磁活门电插头有无积炭和损伤，排除发现故障。\n检查 МКЧ-62ТВ 电插头的插销 1 和 2, 3 和 4, 是否拆断，有故障更换附件。\n检查关节轴承的灵活性，必要时清洗轴承或更换拉杆接头，检查 ППО 风门转动的灵活性，发现卡滞现象，或转轴局部粘合，则需更换 ППО 风门，或更换调节器 РППО-30КП 为新品。'}",success
18,ППО的全称或定义是什么？,"ППО — это аббревиатура, обозначающая **противопожарное оборудование** или **противопожарную оборону** (противопожарная система). В контексте авиационных систем это система противопожарной защиты.",20,10,"([Unknown Node: 起动系统] , has_attribute, [Unknown Node: 名称: 起动系统] ) [score: 0.267]|([Unknown Node: 起动系统] , 包含, [Unknown Node: 插座“Щ3”] ) [score: 0.274]|(ППО供气 [schema_type: 参数指标], kw_filter_by, ППО供气 ) [score: 0.515]|(ППО 接不通 , 起因于, 飞机接线装置故障 ) [score: 0.493]|(ППО涡轮 [schema_type: 部件], represented_by, ППО涡轮 ) [score: 0.535]","{'title': '起动系统', 'text': ' 发动机在地面正常起动，首先要接通为起动系统附件供电的保险开关(AПД-55的电源开关、起动开关和点火开关)。将起动种类选择开关置于“起动位置”,假若空气起动机前的空气压力未超过0.5488MPa,按下地面“发动机起动”按钮，这时“起动箱已工作”信号灯亮，起动箱按给定的程序给出信号打开附加风门和空气起动机的风门。\n    空气起动机带动高压压气机和高压涡轮转子转动，经过29s以后，起动箱程序送出信号，关断点火电路，当高压压气机转子n2达到43+1-2%(4700+100 -200r/min)时，由起动箱程序或由油泵调节器液压开关给出信号，关断空气起动机，这时起动时间已达到56s±4s。假若起动箱的程序信号和油泵调节器液压开关信号尚不能切断空气起动机的工作，当高压压气机转速(n2)达到46+3%(5000+330r/min)时，由自身的离心开关，使空气起动机脱离工作。\n    起动过程的详细情况：当按下发动机的“地面起动”按钮，电流由自动保险开关“起动”,通过插座2Щ和6Щ的接线端进入起动箱。\n    2Щ1电流流向：→继电器P1的触点2—1,→程序机构凸轮“A”所控制的微动开关触点，→继电器P2的线圈，→起动箱的输出端3Щ2,→Г插座的16接线端，→闭合的油泵调节器液压开关触点，“T”插座3接线端到发动机壳体。继电器P2工作以后，自行接通下列电路：\n    2-3触点闭合联锁，接通电路；由机上电网“正极”, →经自动保险开关“起动”,→闭合的“停止起动”按钮，→起动箱接线柱8Щ1,→继电器P2的2—3触点，→程序机构“A”的触点，→继电器的P2的线圈。此时即使放开了“地面起动”按钮，继电器P2仍然接通；\n    5—6触点闭合，电网“正极”,进入继电器P4的线圈。电流的回路：→“起动”自动开关，→起动种类选择开关的“起动”位，→起动箱6Щ1接线柱，→微动开关“B”,→继电器P4→起动箱1Щ1接线柱至飞机地。继电器P4工作后，1—2触点接通，保证27V电压去点火系统，电流回路是：机上电网正极，→“点火”自动开关，→接线柱11Щ1,→继电器P4的接触点1—2,→起动箱接线柱4Щ2,→接线柱22ЩP“Г”,→点火器附件，→23ЩP“Г”,至飞机地。此时点火系统进入工作，向位于第二和第十\n一火焰筒的电嘴供给点火电压；\n    8—9触点闭合，使附加风门电磁铁接通，这时电流回路；由“AПД-55供电”自动开关，→起动箱接线柱4Щ1,→继电器P2的触点8—9,→起动箱接线柱1ЩI2,→“Г”的接线柱47ЩP,→附加风门电磁铁，→“Г”的接线柱46ЩP,→起动机危险转速联锁继电器1-2触点，→飞机地。当电磁铁通电时，它的衔铁推动顶杆，在起动机空气恒压风门开启时，限制附加风门衬筒的移动；\n    14—15触点闭合，接通空气起动机恒压风门电磁铁，这时电流回路是：由“AПД-55供电”自动开关，→自动起动箱接线柱4Щ1,→继电器P2的14-15触点，→起动箱接线柱2Щ2,→“Г”的接线柱25ЩP,→起动机风门电磁铁2—1接线柱，→“Г”接线柱46ЩP,→起动机危险起动转速联锁继电器1-2触点，至飞机地。在风门电磁铁工作后，打开起动机风门，压缩空气进入起动机涡轮，起动机转动，经过减速器，带动高压压气机和高压涡轮转子转动；\n    17—18触点闭合，电流回路是：由“AПД-55供电”自动开关，→起动箱接线柱4Щ1,→继电器P3的触点2—1,→继电器P2的触点17—18,→二极管刀1和刀2,→继电器P1的线圈，→到飞机地。继电器P1工作的同时，→接线柱10Щ1,接通“起动箱工作”绿色信号灯，继电器P1断开2—1触点，断开地面起动电路，这样就避免了在开车循环结束前重复的有信号供给。同时继电器P1用自身的触点5—6,接通恢复加速程序机构的电磁铁，而触点8—9则接通起动箱程序机构的电动机，程序机构开始工作，\n按照设计的起动程序自动的控制时间的循环。'}|{'title': '2.8.1', 'text': '故障现象： ППО 接不通。 \n原因1： 压力差信号器 ДСД-1.2 故障。 \n排除方法1： 更换压力差信号器。 \n原因2： МКТ-372 电磁活门断线。 \n排除方法2： 检查电路排除电路不通。 \n原因3： 飞机接线装置故障，频率调节器 БРЧ-62БМ，防护与调节组件 БЗУ-376СП (电压调节组件 БРН-208М7Б、变压器组件 БТТ-60П)。 \n排除方法3： 检查接线工作情况，若有问题则更换接线装置。 \n原因4： ППО 应急风门处于关闭位置。 \n排除方法4： 检查 ЭМТ-713 电磁铁电路。将 ППО 应急风门放在打开位置。 注：若 ППО 离心传感器产生防护性的自行工作，则更换 ППО。 \n原因5： 限力矩连轴器拆断。 \n排除方法5： 更换连轴器。 \n原因6： 恒速传动调节器 РППО-30КП 故障：\nРППО-30КП 弹性轴断了；\n随动活塞下腔油压低；\nМКТ-372 电磁活门故障。 \n排除方法6： 换新品。'}|{'title': '起动系统', 'text': '停止起动\n    停止起动发动机，需按下位于飞行员座舱起动配电板上的“停止起动”按钮，按下“停止起动”按钮后，继电器P2线圈供电被关断，继电器P2断开则断开了参加起动的各附件的电源。经P2的触点16—17,带27V电压的电流进入电机3M电磁铁线圈，其回路是：由“AПД-55供电”自动开关，经起动箱接线柱4Щ1,继电器P3的触点2—1,P2的触点16—17,P1的触点6—5,和电机3M的电磁铁线圈，程序机构被接通在加速恢复循环状态，经(3～4)s恢复到原始状态。最后凸轮开关“O”被恢复到原始状态，由它断开继电器P1的。\n    在继电器P1断开时，也切断了向加速恢复装置电机3M线圈的供电，已断开的继电器P1,用触点7—8使电动机电枢电路短接，这样使电机产生了刹车力矩，电机刹车，同时停止了除“空中起动”以外的所有自动工作循环。\n系统工作的检查：\n    为了检查起动系统是否正常，在起动箱上设置了五个插销的插座“Щ3”,在插座的接线上，连有检查电路的导线，检查电路能够检查。\n●油泵调节器液压开关的“负极”线是否完好(线柱1);\n●起动箱AПД-55工作全循环(线柱2);\n●向附加风门电磁铁的供电(线柱3):\n●向点火系统的供电(线柱4);\n●向空气恒压风门(起动机的)电磁铁的供电(线柱5)。\n    检查时，连接直流电压表或继电器PПC18/7连接灯泡，进行检查工作。\n技术参数如下：\n直流供电电压                                   27V\n在起动过程短时电压降至                         16V以上\n起动循环时间  \n地面起动循环时间                               56s±4s\n冷运转                                         30s±3s\n假开车                                         56s±4s\n空中起动                                       32s±3s\n工作状态，允许的重复工作时间、次数 五次接通，每次工作时间不超过60s,两次工   作之间停止工作3min,五次工作之后停止工作30min,这样循环工作两次之后冷却时间不少于1小时。'}",0
19,发动机日常维护工作包含哪几个阶段的机务准备？,根据提供的知识上下文，无法回答“发动机日常维护工作包含哪几个阶段的机务准备”这一问题。,20,10,"(正极电 , keyword_of, 维护规程与工具组 该社区隐含工具设备，核心依据是飞机的使用维护说明书，内容涵盖故障排除、蓄电池检查等标准维护程序与所需资源。 [members: 工具设备（文中隐含，未具体命名）, 检查飞机蓄电池工作情况, 按飞机的使用维护说明书相关内容，排除发现的故障, 飞机的使用维护说明书]) [score: 0.577]|([Unknown Node: n2转速] , 涉及参数, [Unknown Node: 起动系统] ) [score: 0.375]|(部件更换 , keyword_of, 部件更换与导线维护 专注于飞机电气系统中导线、电嘴、接线装置等部件的更换与维护工作。 [members: 更换导线, 更换电嘴, 部件更换, 更换 НР-30КП, 更换接线装置]) [score: 0.571]|(用手转动发动机转子，检查高压压气机球轴承和后支点回油泵油滤（3个）。 , keyword_of, 发动机转子维护组 专注于发动机转子转动检查、滑油更换、冷运转及油滤清洗，确保运转无异常声响和顺畅性。 [members: 用手转动发动机转子，检查高压压气机球轴承和后支点回油泵油滤（3个）。, 更换发动机内滑油，并进行冷运转。测量转子惯性时间，注意发动机运转中有无 “怪音”，运转之后，必要时清洗发动机所有油滤。, 停车时将再次测量转子惯性时间，监听有无怪音，检查所有滑油滤。, 检查关节轴承的灵活性，必要时清洗轴承或更换拉杆接头，检查 ППО 风门转动的灵活性，发现卡滞现象，或转轴局部粘合，则需更换 ППО 风门，或更换调节器 РППО-30КП 为新品]) [score: 0.593]|(空气管 , member_of, 空气系统与起动机检修组 围绕空气滤、空气管及空气起动机的检查、拆卸与更换，处理发动机相关拆装问题。 [members: 拆下起动机，检查其导线和起动机本身, 空气滤, 空气管, 更换空气起动机, 拆下起动机检查卡爪，若不正常则更换损坏的零件, 空气起动机, 将发动机从飞机上拆下, 若仍有金属屑，则发动机要从飞机上拆下。, 必要时更换空气起动机]) [score: 0.622]","{'title': '2.8.4', 'text': '故障现象： 发电机电压和频率摆动，突升，突降，发电机断电和不工作。 \n原因： БЗУ-376СП, БРЧ-208M7Б, БРЧ-62БМ, БТТ-60П, ППО 风门故障，电动机构 МКЧ-62ТВ 和 РППО-30КП 调节器故障等。 \n排除方法：\n按飞机的使用维护说明书相关内容，排除发现的故障。\n将调节器摇臂和风门摇臂的刻度对准，调节器摇臂刻线处在调节器刻度盘的第 2 刻度上，两摇臂处于同一平面，偏差在 4° 以内，偏差不超过 5°（见图 105）。\n检查电磁活门电插头有无积炭和损伤，排除发现故障。\n检查 МКЧ-62ТВ 电插头的插销 1 和 2, 3 和 4, 是否拆断，有故障更换附件。\n检查关节轴承的灵活性，必要时清洗轴承或更换拉杆接头，检查 ППО 风门转动的灵活性，发现卡滞现象，或转轴局部粘合，则需更换 ППО 风门，或更换调节器 РППО-30КП 为新品。'}|{'title': '起动系统', 'text': '发动机正常起动过程分三个阶段；\n    第一阶段，空气起动机带动高压压气机与高压涡轮转子转动，到可以保证燃油在燃烧室稳定燃烧的转速。当高压压气机转速(n2)达到20.2%(2200r/min)时，火焰筒内喷油点火，涡轮开始工作。\n    第二阶段，空气起动机带动高压压气机和高压涡轮转子，n2转速达到43+1 -2%(4700+100-200r/min)时，在此转速由油泵调节器上的液压开关关断空气起动机。\n    第三阶段，压气机转子由涡轮带动，直到进入慢车转速，即n2转速达到58.5%~61.5%(6600+100-200r/min)。\n    发动机从起动到进入慢车转速，正常的时间是(35～80)s, 起动过程中，空气起动机的操纵，\n    点火系统的操纵，均由起动箱AПД-55中的时间程序装置保证。此外，空气起动机还可由油泵调节器上的液压开关，按照规定的转速范围和自身的离心开关两者传出的信号而关断。'}|{'title': '2.4.14', 'text': '故障现象： 发动机进入慢车转速小于 35s 或大于 80s。\n 原因1： 起动过程性能调整不当。\n 排除方法1： 重新调整发动机。\n 原因2： 去自动起动装置的空气滤堵塞。 \n排除方法2： 将自动起动装置的气滤拆下清洗。\n 原因3： 去自动起动装置的空气管漏气。\n 排除方法3： 检查漏气部位排除漏气。'}",success
20,低压涡轮第IV级叶片属于日常维护的检查项目吗？,无法回答。提供的知识上下文中没有关于“低压涡轮第IV级叶片”或“日常维护检查项目”的信息。,20,10,"(检查向P*_K限制机构供气的管路密封性，用汽油或煤油清洗空气滤 , has_attribute, 操作类型: 检查、清洗 ) [score: 0.649]|([Unknown Node: 起动系统] , has_attribute, [Unknown Node: 名称: 起动系统] ) [score: 0.366]|(检查向P*_K限制机构供气的管路密封性，用汽油或煤油清洗空气滤 , has_attribute, 目标状态: 新品 ) [score: 0.629]|([Unknown Node: 润滑与通风系统] , 包含, [Unknown Node: 燃滑油散热器4845T] ) [score: 0.447]|(空气涡轮ППО工作转速 , keyword_of, ППО涡轮装置控制 聚焦于ППО涡轮，涵盖了其作为空气涡轮的工作特性、工作转速，以及应急关闭和常规关闭ППО装置的控制指令，是ППО系统的涡轮执行单元。 [members: ППО涡轮, 应急关闭ППО装置, 关闭ППО, 空气涡轮ППО, 空气涡轮ППО工作转速]) [score: 0.634]","{'title': '2.8.4', 'text': '故障现象： 发电机电压和频率摆动，突升，突降，发电机断电和不工作。 \n原因： БЗУ-376СП, БРЧ-208M7Б, БРЧ-62БМ, БТТ-60П, ППО 风门故障，电动机构 МКЧ-62ТВ 和 РППО-30КП 调节器故障等。 \n排除方法：\n按飞机的使用维护说明书相关内容，排除发现的故障。\n将调节器摇臂和风门摇臂的刻度对准，调节器摇臂刻线处在调节器刻度盘的第 2 刻度上，两摇臂处于同一平面，偏差在 4° 以内，偏差不超过 5°（见图 105）。\n检查电磁活门电插头有无积炭和损伤，排除发现故障。\n检查 МКЧ-62ТВ 电插头的插销 1 和 2, 3 和 4, 是否拆断，有故障更换附件。\n检查关节轴承的灵活性，必要时清洗轴承或更换拉杆接头，检查 ППО 风门转动的灵活性，发现卡滞现象，或转轴局部粘合，则需更换 ППО 风门，或更换调节器 РППО-30КП 为新品。'}|{'title': '2.1.1', 'text': '故障现象：空气起动机断开时的高压转子转速高于或低于41～44%(4700+100 -200转/分),起动机 工作时间小于56±4秒。\n原因：HP-30 K II 的起动机断开转速调整不当。\n排除方法：重新调整起动机断开转速（18号螺钉）(见调整、试验章节)'}|{'title': '润滑与通风系统', 'text': '润滑与通风系统，用来保证向发动机各磨擦表面不间断的供应滑油以减少摩擦力，同时将热量带走。通风系统还能使各发动机内腔滑油保持一定的剩余压力，以改善滑油\n泵的加压级和回油级的工作能力。\n    润滑与通风系统包含了下列主要附件：滑油箱、燃滑油散热器4845T、主\n滑油泵OMH-30、回油泵MHO-1、回油泵MHO-30K、带金属屑油滤—信号器的空气分离器ЦВС-30、油雾分离器ЦC-30K、滑油滤МФС-30和放油开关636700A。\n    润滑系统是一个封闭的系统，通过油箱自动的完成滑油的循环。在发动机工作时，滑油自油箱进入主滑油泵OMH-30的加压级，经单向活门，至油滤МФС-30。经过油滤后滑油分五路供油：\n    沿内部导管与处于进气导向器叶片内油路，滑油去润滑低压压气机转子的滚子轴承，并沿内部导管去润滑高低压涡轮轴的轴间轴承；\n    沿前传动机匣和分隔机匣的内部油路，滑油去润滑前传动机匣和中央传动机匣的\n齿轮与轴承，润滑低压压气机转子的球轴承，高压压气机转子的滚子轴承和锥齿轮的轴承；\n    沿内部导管滑油进入轴罩壳去润滑高压压气机转子的球轴承和高压涡轮转子的滚子轴承；\n    沿内部导管，滑油进入低压涡轮后支点，去润滑低压涡轮转子的滚子轴承；\n    沿内部导管，滑油去润滑后传动机匣的轴承与齿轮。'}",success
21,节流风门在发动机开车前处于什么位置？,在发动机开车前，节流风门处于关闭的位置。,20,10,"(检查座舱油门操纵手柄和摇臂位置以及 HP-30 K II 节流活门摇臂的位置。当座舱内油门手柄处于慢车位置时，节流活门摇臂应处于附件慢车区域中间刻线，若不如此，应调整油门的操纵系统。 , member_of, 油门系统调整与标记校准组 聚焦于检查与调整油门开关摇臂标记、操纵系统及油泵调节器，确保其在慢车等关键位置准确对中的技术社区。 [members: 检查座舱油门操纵手柄和摇臂位置以及 HP-30 K II 节流活门摇臂的位置。当座舱内油门手柄处于慢车位置时，节流活门摇臂应处于附件慢车区域中间刻线，若不如此，应调整油门的操纵系统。, 调整油门的操纵系统, 调整油门开关摇臂位置, 检查油泵调节器上油门开关摇臂的标记，标记应在慢车转速区中间刻线，调整油泵调节器起动自动装置调整头，减少起动供油, 检查油门开关摇臂标记, 从温度调节器上拔下电插头 2РМТД27КПН19Г5А1，将 2 号线与 7 号线、1 号线与 6 号线短接。开车移动油门从慢车位置均匀的通过自动工作开始转速位置至起飞限动钉，此时发动机只是在自动工作开始转速上，若发动机能够进入起飞转速，则停车，更换执行机构与油泵调节器]) [score: 0.639]|([Unknown Node: 起动系统] , represented_by, [Unknown Node: 起动系统] ) [score: 0.291]|([Unknown Node: 滑油箱] , 属于系统, [Unknown Node: 润滑与通风系统] ) [score: 0.458]|(油门位置 , 导致, 涡轮后的燃气温度 t*T 变化 ) [score: 0.645]|(节流风门 [schema_type: 部件], 执行操作, 调节进入ППО的空气量 ) [score: 0.639]","{'title': '起动系统', 'text': '停止起动\n    停止起动发动机，需按下位于飞行员座舱起动配电板上的“停止起动”按钮，按下“停止起动”按钮后，继电器P2线圈供电被关断，继电器P2断开则断开了参加起动的各附件的电源。经P2的触点16—17,带27V电压的电流进入电机3M电磁铁线圈，其回路是：由“AПД-55供电”自动开关，经起动箱接线柱4Щ1,继电器P3的触点2—1,P2的触点16—17,P1的触点6—5,和电机3M的电磁铁线圈，程序机构被接通在加速恢复循环状态，经(3～4)s恢复到原始状态。最后凸轮开关“O”被恢复到原始状态，由它断开继电器P1的。\n    在继电器P1断开时，也切断了向加速恢复装置电机3M线圈的供电，已断开的继电器P1,用触点7—8使电动机电枢电路短接，这样使电机产生了刹车力矩，电机刹车，同时停止了除“空中起动”以外的所有自动工作循环。\n系统工作的检查：\n    为了检查起动系统是否正常，在起动箱上设置了五个插销的插座“Щ3”,在插座的接线上，连有检查电路的导线，检查电路能够检查。\n●油泵调节器液压开关的“负极”线是否完好(线柱1);\n●起动箱AПД-55工作全循环(线柱2);\n●向附加风门电磁铁的供电(线柱3):\n●向点火系统的供电(线柱4);\n●向空气恒压风门(起动机的)电磁铁的供电(线柱5)。\n    检查时，连接直流电压表或继电器PПC18/7连接灯泡，进行检查工作。\n技术参数如下：\n直流供电电压                                   27V\n在起动过程短时电压降至                         16V以上\n起动循环时间  \n地面起动循环时间                               56s±4s\n冷运转                                         30s±3s\n假开车                                         56s±4s\n空中起动                                       32s±3s\n工作状态，允许的重复工作时间、次数 五次接通，每次工作时间不超过60s,两次工   作之间停止工作3min,五次工作之后停止工作30min,这样循环工作两次之后冷却时间不少于1小时。'}|{'title': '燃油系统', 'text': '发动机的自动调节系统，是按照发动机的进口空气温度 根据高压压气机的转速，\n操纵压气机的机构(空气放气活门和进气导向器叶片偏转)实现发动机防喘的。放气活\n门的关闭，采用中继式，进气导向器叶片的偏转则按给定的动作：aBHA=f(n2换算)。\n    发动机的加速性，是当油门由慢车转速移到起飞转速时，此过程中向燃烧室的供油量，取决于高压压气机转速和高压压气机后的空气压力：GT=f(n2,PK)。\n高压燃油系统包括下列附件：\n●油泵调节器НР-30КП;\n●执行机构ИМТ-3;\n●换算转速传感器ДПО-30КП;\n●离心调节器LIP-1-30K:\n●温度传感器ТД-30K;\n●导向器调节器PHA-30K;\n●导向器作动筒ЦНА-30К;\n●恒速传动调节器РППО-30КП;\n●由高压压气机V和VI级放气的放气活门(КПВ)作动筒；\n●由高压压气机VI级或XI级配气风门(ЭОВ)作动筒；\n●燃油滤；\n●空气滤；\n●燃油输油圈；\n●喷嘴ФР-40ДCM和导管(连接上述附件的导管)。\n    在向喷嘴第1油路供油的管路上，有两个接嘴，一个用来连接测压传感器ИДТ-100,\n测量第1油路的油压；第二个用来油封第1油路用。\n    在喷嘴第2油路的供油管路上，只有一个接嘴，用来油封喷嘴的第2油路。\n    工作原理是，燃油由油泵调节器НР-30КП出来，在高压下进入两个输油圈，即喷嘴的第1、2油路，由此经过24个输油管，进入12个喷嘴ФР-40ДCM,向燃烧室喷油。\n    在发动机起动时，高压燃油由油泵调节器经换算转速传感器和油滤，进入6个放\n气活门作动简，将放气活门打开。高压燃油也由油泵调节器经油滤，进入配气风门作动筒，将配气风门置于由高压压气机第XI级供气的位置，向发动机防冰系统和空气收集器(飞机防冰系统)供气。\n    为了消除放气活门作动筒回油时对燃油压力的影响，将放气活门作动筒的回油，经过附件PHA-30K和ДПО-30КП回油腔，引至增压油泵后的主油路上。'}|{'title': '起动系统', 'text': ' 发动机在地面正常起动，首先要接通为起动系统附件供电的保险开关(AПД-55的电源开关、起动开关和点火开关)。将起动种类选择开关置于“起动位置”,假若空气起动机前的空气压力未超过0.5488MPa,按下地面“发动机起动”按钮，这时“起动箱已工作”信号灯亮，起动箱按给定的程序给出信号打开附加风门和空气起动机的风门。\n    空气起动机带动高压压气机和高压涡轮转子转动，经过29s以后，起动箱程序送出信号，关断点火电路，当高压压气机转子n2达到43+1-2%(4700+100 -200r/min)时，由起动箱程序或由油泵调节器液压开关给出信号，关断空气起动机，这时起动时间已达到56s±4s。假若起动箱的程序信号和油泵调节器液压开关信号尚不能切断空气起动机的工作，当高压压气机转速(n2)达到46+3%(5000+330r/min)时，由自身的离心开关，使空气起动机脱离工作。\n    起动过程的详细情况：当按下发动机的“地面起动”按钮，电流由自动保险开关“起动”,通过插座2Щ和6Щ的接线端进入起动箱。\n    2Щ1电流流向：→继电器P1的触点2—1,→程序机构凸轮“A”所控制的微动开关触点，→继电器P2的线圈，→起动箱的输出端3Щ2,→Г插座的16接线端，→闭合的油泵调节器液压开关触点，“T”插座3接线端到发动机壳体。继电器P2工作以后，自行接通下列电路：\n    2-3触点闭合联锁，接通电路；由机上电网“正极”, →经自动保险开关“起动”,→闭合的“停止起动”按钮，→起动箱接线柱8Щ1,→继电器P2的2—3触点，→程序机构“A”的触点，→继电器的P2的线圈。此时即使放开了“地面起动”按钮，继电器P2仍然接通；\n    5—6触点闭合，电网“正极”,进入继电器P4的线圈。电流的回路：→“起动”自动开关，→起动种类选择开关的“起动”位，→起动箱6Щ1接线柱，→微动开关“B”,→继电器P4→起动箱1Щ1接线柱至飞机地。继电器P4工作后，1—2触点接通，保证27V电压去点火系统，电流回路是：机上电网正极，→“点火”自动开关，→接线柱11Щ1,→继电器P4的接触点1—2,→起动箱接线柱4Щ2,→接线柱22ЩP“Г”,→点火器附件，→23ЩP“Г”,至飞机地。此时点火系统进入工作，向位于第二和第十\n一火焰筒的电嘴供给点火电压；\n    8—9触点闭合，使附加风门电磁铁接通，这时电流回路；由“AПД-55供电”自动开关，→起动箱接线柱4Щ1,→继电器P2的触点8—9,→起动箱接线柱1ЩI2,→“Г”的接线柱47ЩP,→附加风门电磁铁，→“Г”的接线柱46ЩP,→起动机危险转速联锁继电器1-2触点，→飞机地。当电磁铁通电时，它的衔铁推动顶杆，在起动机空气恒压风门开启时，限制附加风门衬筒的移动；\n    14—15触点闭合，接通空气起动机恒压风门电磁铁，这时电流回路是：由“AПД-55供电”自动开关，→自动起动箱接线柱4Щ1,→继电器P2的14-15触点，→起动箱接线柱2Щ2,→“Г”的接线柱25ЩP,→起动机风门电磁铁2—1接线柱，→“Г”接线柱46ЩP,→起动机危险起动转速联锁继电器1-2触点，至飞机地。在风门电磁铁工作后，打开起动机风门，压缩空气进入起动机涡轮，起动机转动，经过减速器，带动高压压气机和高压涡轮转子转动；\n    17—18触点闭合，电流回路是：由“AПД-55供电”自动开关，→起动箱接线柱4Щ1,→继电器P3的触点2—1,→继电器P2的触点17—18,→二极管刀1和刀2,→继电器P1的线圈，→到飞机地。继电器P1工作的同时，→接线柱10Щ1,接通“起动箱工作”绿色信号灯，继电器P1断开2—1触点，断开地面起动电路，这样就避免了在开车循环结束前重复的有信号供给。同时继电器P1用自身的触点5—6,接通恢复加速程序机构的电磁铁，而触点8—9则接通起动箱程序机构的电动机，程序机构开始工作，\n按照设计的起动程序自动的控制时间的循环。'}",success
22,这是一个关于Д-30 КП-2型发动机的维护手册吗？,是的，这是一份关于Д-30 КП-2型发动机的维护手册。文档中提到了Д-30КП-2А发动机及其相关系统和附件。,20,10,"([Unknown Node: 在 HP-30K П 的自动加速装置中，$P^*_K$ 气嘴的直径不当] , represented_by, [Unknown Node: 在 HP-30K П 的自动加速装置中，$P^*_K$ 气嘴的直径不当] ) [score: 0.498]|([Unknown Node: HP-30 K II 的起动机断开转速调整不当] , 解决措施为, [Unknown Node: 重新调整起动机断开转速（18号螺钉）] ) [score: 0.547]|([Unknown Node: 起动系统] , has_attribute, [Unknown Node: 类型: 发动机子系统] ) [score: 0.444]|([Unknown Node: 起动系统] , has_attribute, [Unknown Node: 详细描述: 负责发动机的起动过程] ) [score: 0.451]|(ДПО-30КП [schema_type: 部件], 属于系统, 发动机排油系统 [schema_type: 系统]) [score: 0.615]","{'title': '2.4.4', 'text': '故障现象： 起动开始第 1s，空气起动机关断。 原因1： 起动箱故障。 排除方法1： 将电压表接在 АПД-55 2Ш3 线柱上，若 “正极不通”，则是起动箱故障，排除故障或更换起动箱。 原因2： НР-30КП 上的起动液压开关故障。 排除方法2： 用电压表接在起动箱 1Ш3 线柱上，若 “负极不通”，再检查电路：液压开关，16ШР “Г” 线柱，起动箱 2Ш2 接点，排除发现的故障或更换故障附件。'}|{'title': '涡轮后燃气温度限制调节系统ВПРТ-44', 'text': '涡轮后燃气温度限制调节系统BПPT-44,从自动工作开始转速到起飞转速的范围内，限制涡轮后的温度。\n    ВПРТ-44系统(图11)包括下列主要部分：12个热电偶、补偿转接器、温度调节器、状态传感器、发动机进口空气驻点温度接受器、燃油执行机构和油泵调节器。\n    信号由热电偶、状态传感器、驻点温度接受器进入温度调节器，来自热电偶的信号，依涡轮后燃气温度变化。\n    由状态传感器输出的信号，取决于油泵调节器摇臂的转动角度。\n    由驻点温度接受器输出的信号，取决于发动机进口的空气温度(严格的说，还有进气速度)。\n    由温度调节器输出的信号，进入燃油油压的执行机构，由它“协调”油泵调节器，减少向喷嘴的供油，这样就控制了涡轮后的燃气温度，不使其超过规定温度。'}|{'title': '起动系统', 'text': '停止起动\n    停止起动发动机，需按下位于飞行员座舱起动配电板上的“停止起动”按钮，按下“停止起动”按钮后，继电器P2线圈供电被关断，继电器P2断开则断开了参加起动的各附件的电源。经P2的触点16—17,带27V电压的电流进入电机3M电磁铁线圈，其回路是：由“AПД-55供电”自动开关，经起动箱接线柱4Щ1,继电器P3的触点2—1,P2的触点16—17,P1的触点6—5,和电机3M的电磁铁线圈，程序机构被接通在加速恢复循环状态，经(3～4)s恢复到原始状态。最后凸轮开关“O”被恢复到原始状态，由它断开继电器P1的。\n    在继电器P1断开时，也切断了向加速恢复装置电机3M线圈的供电，已断开的继电器P1,用触点7—8使电动机电枢电路短接，这样使电机产生了刹车力矩，电机刹车，同时停止了除“空中起动”以外的所有自动工作循环。\n系统工作的检查：\n    为了检查起动系统是否正常，在起动箱上设置了五个插销的插座“Щ3”,在插座的接线上，连有检查电路的导线，检查电路能够检查。\n●油泵调节器液压开关的“负极”线是否完好(线柱1);\n●起动箱AПД-55工作全循环(线柱2);\n●向附加风门电磁铁的供电(线柱3):\n●向点火系统的供电(线柱4);\n●向空气恒压风门(起动机的)电磁铁的供电(线柱5)。\n    检查时，连接直流电压表或继电器PПC18/7连接灯泡，进行检查工作。\n技术参数如下：\n直流供电电压                                   27V\n在起动过程短时电压降至                         16V以上\n起动循环时间  \n地面起动循环时间                               56s±4s\n冷运转                                         30s±3s\n假开车                                         56s±4s\n空中起动                                       32s±3s\n工作状态，允许的重复工作时间、次数 五次接通，每次工作时间不超过60s,两次工   作之间停止工作3min,五次工作之后停止工作30min,这样循环工作两次之后冷却时间不少于1小时。'}",success
23,信号器ЦВС-30属于哪个系统的检查范围？,润滑与通风系统,20,10,"([Unknown Node: 滑油箱] , 属于系统, [Unknown Node: 润滑与通风系统] ) [score: 0.425]|([Unknown Node: 起动系统] , has_attribute, [Unknown Node: 属于系统: 电气控制系统] ) [score: 0.380]|([Unknown Node: n2转速] , 涉及参数, [Unknown Node: 起动系统] ) [score: 0.310]|([Unknown Node: 起动系统] , member_of, [Unknown Node: 发动机起动与控制集群] ) [score: 0.307]|([Unknown Node: 起动系统] , has_attribute, [Unknown Node: 名称: 起动系统] ) [score: 0.276]","{'title': '2.2.3', 'text': '故障现象： 在 “调谐” 状态不限制温度。\n 原因1： 经温度调节器调谐转换电门供给 27V 信号电压的电路折断。\n 排除方法1： 检查上述电路排除折断的部位。\n 原因2： 温度调节器不工作。\n 排除方法2： 更换温度调节器。'}|{'title': '2.4.4', 'text': '故障现象： 起动开始第 1s，空气起动机关断。 原因1： 起动箱故障。 排除方法1： 将电压表接在 АПД-55 2Ш3 线柱上，若 “正极不通”，则是起动箱故障，排除故障或更换起动箱。 原因2： НР-30КП 上的起动液压开关故障。 排除方法2： 用电压表接在起动箱 1Ш3 线柱上，若 “负极不通”，再检查电路：液压开关，16ШР “Г” 线柱，起动箱 2Ш2 接点，排除发现的故障或更换故障附件。'}|{'title': '涡轮后燃气温度限制调节系统ВПРТ-44', 'text': '涡轮后燃气温度限制调节系统BПPT-44,从自动工作开始转速到起飞转速的范围内，限制涡轮后的温度。\n    ВПРТ-44系统(图11)包括下列主要部分：12个热电偶、补偿转接器、温度调节器、状态传感器、发动机进口空气驻点温度接受器、燃油执行机构和油泵调节器。\n    信号由热电偶、状态传感器、驻点温度接受器进入温度调节器，来自热电偶的信号，依涡轮后燃气温度变化。\n    由状态传感器输出的信号，取决于油泵调节器摇臂的转动角度。\n    由驻点温度接受器输出的信号，取决于发动机进口的空气温度(严格的说，还有进气速度)。\n    由温度调节器输出的信号，进入燃油油压的执行机构，由它“协调”油泵调节器，减少向喷嘴的供油，这样就控制了涡轮后的燃气温度，不使其超过规定温度。'}",success
24,机务准备中“直接机务准备”的编号是多少？,无法回答。提供的知识上下文中没有关于“直接机务准备”编号的信息。,20,10,"(飞机的使用维护说明书 [schema_type: 工具设备], represented_by, 正极电 ) [score: 0.472]|(部件更换 , member_of, 部件更换与导线维护 专注于飞机电气系统中导线、电嘴、接线装置等部件的更换与维护工作。 [members: 更换导线, 更换电嘴, 部件更换, 更换 НР-30КП, 更换接线装置]) [score: 0.512]|([Unknown Node: 检查飞机蓄电池工作情况] , member_of, [Unknown Node: 电路诊断与修复组] ) [score: 0.399]|([Unknown Node: 将 ППО 应急风门放在打开位置] , member_of, [Unknown Node: 燃油系统气塞与排气联盟] ) [score: 0.423]|(飞机的使用维护说明书 [schema_type: 工具设备], represented_by, 正极电 ) [score: 0.551]","{'title': '起动系统', 'text': '停止起动\n    停止起动发动机，需按下位于飞行员座舱起动配电板上的“停止起动”按钮，按下“停止起动”按钮后，继电器P2线圈供电被关断，继电器P2断开则断开了参加起动的各附件的电源。经P2的触点16—17,带27V电压的电流进入电机3M电磁铁线圈，其回路是：由“AПД-55供电”自动开关，经起动箱接线柱4Щ1,继电器P3的触点2—1,P2的触点16—17,P1的触点6—5,和电机3M的电磁铁线圈，程序机构被接通在加速恢复循环状态，经(3～4)s恢复到原始状态。最后凸轮开关“O”被恢复到原始状态，由它断开继电器P1的。\n    在继电器P1断开时，也切断了向加速恢复装置电机3M线圈的供电，已断开的继电器P1,用触点7—8使电动机电枢电路短接，这样使电机产生了刹车力矩，电机刹车，同时停止了除“空中起动”以外的所有自动工作循环。\n系统工作的检查：\n    为了检查起动系统是否正常，在起动箱上设置了五个插销的插座“Щ3”,在插座的接线上，连有检查电路的导线，检查电路能够检查。\n●油泵调节器液压开关的“负极”线是否完好(线柱1);\n●起动箱AПД-55工作全循环(线柱2);\n●向附加风门电磁铁的供电(线柱3):\n●向点火系统的供电(线柱4);\n●向空气恒压风门(起动机的)电磁铁的供电(线柱5)。\n    检查时，连接直流电压表或继电器PПC18/7连接灯泡，进行检查工作。\n技术参数如下：\n直流供电电压                                   27V\n在起动过程短时电压降至                         16V以上\n起动循环时间  \n地面起动循环时间                               56s±4s\n冷运转                                         30s±3s\n假开车                                         56s±4s\n空中起动                                       32s±3s\n工作状态，允许的重复工作时间、次数 五次接通，每次工作时间不超过60s,两次工   作之间停止工作3min,五次工作之后停止工作30min,这样循环工作两次之后冷却时间不少于1小时。'}|{'title': '燃油系统', 'text': '发动机的自动调节系统，是按照发动机的进口空气温度 根据高压压气机的转速，\n操纵压气机的机构(空气放气活门和进气导向器叶片偏转)实现发动机防喘的。放气活\n门的关闭，采用中继式，进气导向器叶片的偏转则按给定的动作：aBHA=f(n2换算)。\n    发动机的加速性，是当油门由慢车转速移到起飞转速时，此过程中向燃烧室的供油量，取决于高压压气机转速和高压压气机后的空气压力：GT=f(n2,PK)。\n高压燃油系统包括下列附件：\n●油泵调节器НР-30КП;\n●执行机构ИМТ-3;\n●换算转速传感器ДПО-30КП;\n●离心调节器LIP-1-30K:\n●温度传感器ТД-30K;\n●导向器调节器PHA-30K;\n●导向器作动筒ЦНА-30К;\n●恒速传动调节器РППО-30КП;\n●由高压压气机V和VI级放气的放气活门(КПВ)作动筒；\n●由高压压气机VI级或XI级配气风门(ЭОВ)作动筒；\n●燃油滤；\n●空气滤；\n●燃油输油圈；\n●喷嘴ФР-40ДCM和导管(连接上述附件的导管)。\n    在向喷嘴第1油路供油的管路上，有两个接嘴，一个用来连接测压传感器ИДТ-100,\n测量第1油路的油压；第二个用来油封第1油路用。\n    在喷嘴第2油路的供油管路上，只有一个接嘴，用来油封喷嘴的第2油路。\n    工作原理是，燃油由油泵调节器НР-30КП出来，在高压下进入两个输油圈，即喷嘴的第1、2油路，由此经过24个输油管，进入12个喷嘴ФР-40ДCM,向燃烧室喷油。\n    在发动机起动时，高压燃油由油泵调节器经换算转速传感器和油滤，进入6个放\n气活门作动简，将放气活门打开。高压燃油也由油泵调节器经油滤，进入配气风门作动筒，将配气风门置于由高压压气机第XI级供气的位置，向发动机防冰系统和空气收集器(飞机防冰系统)供气。\n    为了消除放气活门作动筒回油时对燃油压力的影响，将放气活门作动筒的回油，经过附件PHA-30K和ДПО-30КП回油腔，引至增压油泵后的主油路上。'}|{'title': '2.1.20', 'text': '故障现象： 不能进入起飞状态转速，转速自行下降\n原因： HP-30KП 附件自动加速器的流量特性值降低\n排除方法： 检查向自动加速器和 $P^*_K$ 限制机构供气系统的密封性，排除不密封性'}",success
25,空气涡轮ППО的转速与发动机转速成正比还是反比？,空气涡轮ППО是恒速传动系统中驱动发电机的空气涡轮部件，它的转速与发动机转速成反比关系。,20,10,"([Unknown Node: 高压燃油系统] , 包含, [Unknown Node: 油门] ) [score: 0.406]|(空气涡轮ППО [schema_type: 部件], 涉及参数, ППО驱动发电机功率(5min使用) [schema_type: 参数指标]) [score: 0.682]|(空气涡轮ППО工作转速 [schema_type: 参数指标], kw_filter_by, 空气涡轮ППО工作转速 ) [score: 0.670]|([Unknown Node: 燃油消耗量 GT] , member_of, [Unknown Node: 滑油系统综合监控区] ) [score: 0.340]|(空气涡轮ППО [schema_type: 部件], has_attribute, 控制方式: 节流风门 ) [score: 0.680]","{'title': '涡轮后燃气温度限制调节系统ВПРТ-44', 'text': '涡轮后燃气温度限制调节系统BПPT-44,从自动工作开始转速到起飞转速的范围内，限制涡轮后的温度。\n    ВПРТ-44系统(图11)包括下列主要部分：12个热电偶、补偿转接器、温度调节器、状态传感器、发动机进口空气驻点温度接受器、燃油执行机构和油泵调节器。\n    信号由热电偶、状态传感器、驻点温度接受器进入温度调节器，来自热电偶的信号，依涡轮后燃气温度变化。\n    由状态传感器输出的信号，取决于油泵调节器摇臂的转动角度。\n    由驻点温度接受器输出的信号，取决于发动机进口的空气温度(严格的说，还有进气速度)。\n    由温度调节器输出的信号，进入燃油油压的执行机构，由它“协调”油泵调节器，减少向喷嘴的供油，这样就控制了涡轮后的燃气温度，不使其超过规定温度。'}|{'title': '燃油系统', 'text': '发动机的自动调节系统，是按照发动机的进口空气温度 根据高压压气机的转速，\n操纵压气机的机构(空气放气活门和进气导向器叶片偏转)实现发动机防喘的。放气活\n门的关闭，采用中继式，进气导向器叶片的偏转则按给定的动作：aBHA=f(n2换算)。\n    发动机的加速性，是当油门由慢车转速移到起飞转速时，此过程中向燃烧室的供油量，取决于高压压气机转速和高压压气机后的空气压力：GT=f(n2,PK)。\n高压燃油系统包括下列附件：\n●油泵调节器НР-30КП;\n●执行机构ИМТ-3;\n●换算转速传感器ДПО-30КП;\n●离心调节器LIP-1-30K:\n●温度传感器ТД-30K;\n●导向器调节器PHA-30K;\n●导向器作动筒ЦНА-30К;\n●恒速传动调节器РППО-30КП;\n●由高压压气机V和VI级放气的放气活门(КПВ)作动筒；\n●由高压压气机VI级或XI级配气风门(ЭОВ)作动筒；\n●燃油滤；\n●空气滤；\n●燃油输油圈；\n●喷嘴ФР-40ДCM和导管(连接上述附件的导管)。\n    在向喷嘴第1油路供油的管路上，有两个接嘴，一个用来连接测压传感器ИДТ-100,\n测量第1油路的油压；第二个用来油封第1油路用。\n    在喷嘴第2油路的供油管路上，只有一个接嘴，用来油封喷嘴的第2油路。\n    工作原理是，燃油由油泵调节器НР-30КП出来，在高压下进入两个输油圈，即喷嘴的第1、2油路，由此经过24个输油管，进入12个喷嘴ФР-40ДCM,向燃烧室喷油。\n    在发动机起动时，高压燃油由油泵调节器经换算转速传感器和油滤，进入6个放\n气活门作动简，将放气活门打开。高压燃油也由油泵调节器经油滤，进入配气风门作动筒，将配气风门置于由高压压气机第XI级供气的位置，向发动机防冰系统和空气收集器(飞机防冰系统)供气。\n    为了消除放气活门作动筒回油时对燃油压力的影响，将放气活门作动筒的回油，经过附件PHA-30K和ДПО-30КП回油腔，引至增压油泵后的主油路上。'}|{'title': '起动系统', 'text': ' 发动机在地面正常起动，首先要接通为起动系统附件供电的保险开关(AПД-55的电源开关、起动开关和点火开关)。将起动种类选择开关置于“起动位置”,假若空气起动机前的空气压力未超过0.5488MPa,按下地面“发动机起动”按钮，这时“起动箱已工作”信号灯亮，起动箱按给定的程序给出信号打开附加风门和空气起动机的风门。\n    空气起动机带动高压压气机和高压涡轮转子转动，经过29s以后，起动箱程序送出信号，关断点火电路，当高压压气机转子n2达到43+1-2%(4700+100 -200r/min)时，由起动箱程序或由油泵调节器液压开关给出信号，关断空气起动机，这时起动时间已达到56s±4s。假若起动箱的程序信号和油泵调节器液压开关信号尚不能切断空气起动机的工作，当高压压气机转速(n2)达到46+3%(5000+330r/min)时，由自身的离心开关，使空气起动机脱离工作。\n    起动过程的详细情况：当按下发动机的“地面起动”按钮，电流由自动保险开关“起动”,通过插座2Щ和6Щ的接线端进入起动箱。\n    2Щ1电流流向：→继电器P1的触点2—1,→程序机构凸轮“A”所控制的微动开关触点，→继电器P2的线圈，→起动箱的输出端3Щ2,→Г插座的16接线端，→闭合的油泵调节器液压开关触点，“T”插座3接线端到发动机壳体。继电器P2工作以后，自行接通下列电路：\n    2-3触点闭合联锁，接通电路；由机上电网“正极”, →经自动保险开关“起动”,→闭合的“停止起动”按钮，→起动箱接线柱8Щ1,→继电器P2的2—3触点，→程序机构“A”的触点，→继电器的P2的线圈。此时即使放开了“地面起动”按钮，继电器P2仍然接通；\n    5—6触点闭合，电网“正极”,进入继电器P4的线圈。电流的回路：→“起动”自动开关，→起动种类选择开关的“起动”位，→起动箱6Щ1接线柱，→微动开关“B”,→继电器P4→起动箱1Щ1接线柱至飞机地。继电器P4工作后，1—2触点接通，保证27V电压去点火系统，电流回路是：机上电网正极，→“点火”自动开关，→接线柱11Щ1,→继电器P4的接触点1—2,→起动箱接线柱4Щ2,→接线柱22ЩP“Г”,→点火器附件，→23ЩP“Г”,至飞机地。此时点火系统进入工作，向位于第二和第十\n一火焰筒的电嘴供给点火电压；\n    8—9触点闭合，使附加风门电磁铁接通，这时电流回路；由“AПД-55供电”自动开关，→起动箱接线柱4Щ1,→继电器P2的触点8—9,→起动箱接线柱1ЩI2,→“Г”的接线柱47ЩP,→附加风门电磁铁，→“Г”的接线柱46ЩP,→起动机危险转速联锁继电器1-2触点，→飞机地。当电磁铁通电时，它的衔铁推动顶杆，在起动机空气恒压风门开启时，限制附加风门衬筒的移动；\n    14—15触点闭合，接通空气起动机恒压风门电磁铁，这时电流回路是：由“AПД-55供电”自动开关，→自动起动箱接线柱4Щ1,→继电器P2的14-15触点，→起动箱接线柱2Щ2,→“Г”的接线柱25ЩP,→起动机风门电磁铁2—1接线柱，→“Г”接线柱46ЩP,→起动机危险起动转速联锁继电器1-2触点，至飞机地。在风门电磁铁工作后，打开起动机风门，压缩空气进入起动机涡轮，起动机转动，经过减速器，带动高压压气机和高压涡轮转子转动；\n    17—18触点闭合，电流回路是：由“AПД-55供电”自动开关，→起动箱接线柱4Щ1,→继电器P3的触点2—1,→继电器P2的触点17—18,→二极管刀1和刀2,→继电器P1的线圈，→到飞机地。继电器P1工作的同时，→接线柱10Щ1,接通“起动箱工作”绿色信号灯，继电器P1断开2—1触点，断开地面起动电路，这样就避免了在开车循环结束前重复的有信号供给。同时继电器P1用自身的触点5—6,接通恢复加速程序机构的电磁铁，而触点8—9则接通起动箱程序机构的电动机，程序机构开始工作，\n按照设计的起动程序自动的控制时间的循环。'}",success
